,,,,,,,,,,,,,,,,,,,,,,,,,,MEA,RMSE,,,,,,,,,,
,,,,,,,,,,,,,,,,,,,,,,,1.27234E-05,,,#VALUE!,#VALUE!,,,,,,,,,,
movie_title,release_date,genre,mpaa_rating,inflation_adjusted_gross,total_gross,Musical,Adventure,Drama,Action,Comedy,Horror,Romantic Comedy,Thriller/Suspense,Western,Black Comedy,Documentary,Concert/Performance,PG,PG-13,G,R,EMPTY,days_since_release,predicted,difference,abs difference,sqrd difference,,,,,,,,,,
Snow White and the Seven Dwarfs,12/21/1937,Musical,G,5228953251,184925485,1,0,0,0,0,0,0,0,0,0,0,0,0,0,1,0,0,13870,35163.50292,-184890321.5,184890321.5,3.41844E+16,,,total_gross,inflation_adjusted_gross,days_since_release,,,,,
Pinocchio,2/9/1940,Adventure,G,2188229052,84300000,0,1,0,0,0,0,0,0,0,0,0,0,0,0,1,0,0,14650,1.27234E-05,-84300000,84300000,7.10649E+15,,total_gross,1,,,,,,,
Fantasia,11/13/1940,Musical,G,2187090808,83320000,1,0,0,0,0,0,0,0,0,0,0,0,0,0,1,0,0,14928,207051360,123731360,123731360,1.53094E+16,,inflation_adjusted_gross,0.427064289,1,,,,,,
Song of the South,11/12/1946,Adventure,G,1078510579,65000000,0,1,0,0,0,0,0,0,0,0,0,0,0,0,1,0,0,17118,250778700,185778700,185778700,3.45137E+16,,days_since_release,0.2838545,-0.359758606,1,,,,,
Cinderella,2/15/1950,Drama,G,920608730,85000000,0,0,1,0,0,0,0,0,0,0,0,0,0,0,1,0,0,18309,273316752,188316752,188316752,3.54632E+16,,,,,,,,,,
"20,000 Leagues Under the Sea",12/23/1954,Adventure,Empty,528279994,28200000,0,1,0,0,0,0,0,0,0,0,0,0,0,0,0,0,1,20081,343746558,315546558,315546558,9.95696E+16,,,,,,,,,,
Lady and the Tramp,6/22/1955,Drama,G,1236035515,93600000,0,0,1,0,0,0,0,0,0,0,0,0,0,0,1,0,0,20262,370976958,277376958,277376958,7.6938E+16,,SUMMARY OUTPUT,,,,,,,,
Sleeping Beauty,1/29/1959,Drama,Empty,21505832,9464608,0,0,1,0,0,0,0,0,0,0,0,0,0,0,0,0,1,21579,433327899,423863291,423863291,1.7966E+17,,,,,,,,,,
101 Dalmatians,1/25/1961,Comedy,G,1362870985,153000000,0,0,0,0,1,0,0,0,0,0,0,0,0,0,1,0,0,22306,451964172,298964172,298964172,8.93796E+16,,Regression Statistics,,,,,,,,
The Absent Minded Professor,3/16/1961,Comedy,Empty,310094574,25381407,0,0,0,0,1,0,0,0,0,0,0,0,0,0,0,0,1,22356,482420124,457038717,457038717,2.08884E+17,,Multiple R,0.2838545,,,,,,,
Babes in Toyland,12/14/1961,Musical,G,124841160,10218316,1,0,0,0,0,0,0,0,0,0,0,0,0,0,1,0,0,22629,504762474.3,494544158.3,494544158.3,2.44574E+17,,R Square,0.080573377,,,,,,,
Bon Voyage!,5/17/1962,Comedy,Not Rated,109581646,9230769,0,0,0,0,1,0,0,0,0,0,0,0,0,0,0,0,0,22783,509336748.1,500105979.1,500105979.1,2.50106E+17,,Adjusted R Square,0.078979917,,,,,,,
The Sword in the Stone,12/25/1963,Adventure,Empty,153870834,22182353,0,1,0,0,0,0,0,0,0,0,0,0,0,0,0,0,1,23370,528839730.1,506657377.1,506657377.1,2.56702E+17,,Standard Error,4001.171668,,,,,,,
The Jungle Book,10/18/1967,Musical,Not Rated,789612346,141843000,1,0,0,0,0,0,0,0,0,0,0,0,0,0,0,0,0,24763,651807855,509964855,509964855,2.60064E+17,,Observations,579,,,,,,,
Blackbeard's Ghost,2/8/1968,Comedy,Empty,138612686,21540050,0,0,0,0,1,0,0,0,0,0,0,0,0,0,0,0,1,24876,581352699,559812649,559812649,3.1339E+17,,,,,,,,,,
The Aristocats,4/24/1970,Musical,G,255161499,55675257,1,0,0,0,0,0,0,0,0,0,0,0,0,0,1,0,0,25682,635963366,580288109,580288109,3.36734E+17,,ANOVA,,,,,,,,
The Boatniks,7/1/1970,Comedy,Empty,101200742,18607492,0,0,0,0,1,0,0,0,0,0,0,0,0,0,0,0,1,25750,640557000,621949508,621949508,3.86821E+17,,,df,SS,MS,F,P-VALUE,,,
Bedknobs and Broomsticks,10/7/1971,Musical,Empty,91305448,17871174,1,0,0,0,0,0,0,0,0,0,0,0,0,0,0,0,1,26213,#VALUE!,#VALUE!,#VALUE!,#VALUE!,,Regression,1,809514577.9,809514577.9,50.56503407,3.42428E-12,,,
The Apple Dumpling Gang,7/1/1975,Comedy,Empty,131246872,31916500,0,0,0,0,1,0,0,0,0,0,0,0,0,0,0,0,1,27576,710082006,678165506,678165506,4.59908E+17,,Residual,577,9237409211,16009374.72,,,,,
Freaky Friday,1/21/1977,Comedy,Empty,98067733,25942000,0,0,0,0,1,0,0,0,0,0,0,0,0,0,0,0,1,28146,737791670,711849670,711849670,5.0673E+17,,Total,578,10046923789,,,,,,
The Many Adventures of Winnie the Pooh,3/11/1977,,Empty,0,0,0,0,0,0,0,0,0,0,0,0,0,0,0,0,0,0,1,28195,777505898,777505898,777505898,6.04515E+17,,,,,,,,,,
The Rescuers,6/22/1977,Adventure,Empty,159743914,48775599,0,1,0,0,0,0,0,0,0,0,0,0,0,0,0,0,1,28298,796475508,747699909,747699909,5.59055E+17,,,Coefficients,Standard Error,t Stat,P-value,Lower 95%,Upper 95%,Lower 95.0%,Upper 95.0%
Herbie Goes to Monte Carlo,6/24/1977,,Empty,105847527,28000000,0,0,0,0,0,0,0,0,0,0,0,0,0,0,0,0,1,28300,#VALUE!,#VALUE!,#VALUE!,#VALUE!,,Intercept,35163.32645,202.614722,173.5477368,0.000E+00,34765.37414,35561.27875,34765.37414,35561.27875
The Black Hole,12/21/1979,,Empty,120377374,35841901,0,0,0,0,0,0,0,0,0,0,0,0,0,0,0,0,1,29210,720418516.8,684576615.8,684576615.8,4.68645E+17,,total_gross,1.27234E-05,1.78929E-06,7.110909511,3.424E-12,9.20914E-06,1.62378E-05,9.20914E-06,1.62378E-05
Midnight Madness,2/8/1980,,Empty,9088096,2900000,0,0,0,0,0,0,0,0,0,0,0,0,0,0,0,0,1,29259,769142500.8,766242500.8,766242500.8,5.87128E+17,,,,,,,,,,
The Last Flight of Noah’s Ark,6/25/1980,,Empty,34472116,11000000,0,0,0,0,0,0,0,0,0,0,0,0,0,0,0,0,1,29397,841532623.3,830532623.3,830532623.3,6.89784E+17,,,,,,,,,,
The Devil and Max Devlin,1/1/1981,,Empty,48517980,16000000,0,0,0,0,0,0,0,0,0,0,0,0,0,0,0,0,1,29587,868063573.2,852063573.2,852063573.2,7.26012E+17,,,,,,,,,,
Amy,3/20/1981,Drama,Empty,0,0,0,0,1,0,0,0,0,0,0,0,0,0,0,0,0,0,1,29665,847895542.9,847895542.9,847895542.9,7.18927E+17,,,,,,,,,,
The Fox and the Hound,7/10/1981,Comedy,Empty,133118889,43899231,0,0,0,0,1,0,0,0,0,0,0,0,0,0,0,0,1,29777,836708931.6,792809700.6,792809700.6,6.28547E+17,,,,,,,,,,
Condorman,8/7/1981,Action,Empty,0,0,0,0,0,1,0,0,0,0,0,0,0,0,0,0,0,0,1,29805,884170806.9,884170806.9,884170806.9,7.81758E+17,,SUMMARY OUTPUT,,,,,,,,
Night Crossing,2/5/1982,Drama,Empty,12903059,4500000,0,0,1,0,0,0,0,0,0,0,0,0,0,0,0,0,1,29987,892922899,888422899,888422899,7.89295E+17,,,,,,,,,,
Tron,7/9/1982,Action,Empty,77184895,26918576,0,0,0,1,0,0,0,0,0,0,0,0,0,0,0,0,1,30141,898352505,871433929,871433929,7.59397E+17,,Regression Statistics,,,,,,,,
Tex,11/19/1982,Drama,Empty,20643199,7199408,0,0,1,0,0,0,0,0,0,0,0,0,0,0,0,0,1,30274,907826438,900627030,900627030,8.11129E+17,,Multiple R,0.34865921,,,,,,,
Trenchcoat,3/11/1983,Comedy,Empty,11519089,4304286,0,0,0,0,1,0,0,0,0,0,0,0,0,0,0,0,1,30386,915864426,911560140,911560140,8.30942E+17,,R Square,0.121563245,,,,,,,
Something Wicked This Way Comes,4/29/1983,Horror,Empty,15136765,5656087,0,0,0,0,0,1,0,0,0,0,0,0,0,0,0,0,1,30435,921389190,915733103,915733103,8.38567E+17,,Adjusted R Square,0.112348873,,,,,,,
Never Cry Wolf,10/7/1983,Drama,Empty,70669955,27668764,0,0,1,0,0,0,0,0,0,0,0,0,0,0,0,0,1,30596,929690056,902021292,902021292,8.13642E+17,,Standard Error,87632426.04,,,,,,,
Running Brave,11/4/1983,Drama,Empty,3223725,1204595,0,0,1,0,0,0,0,0,0,0,0,0,0,0,0,0,1,30624,932041440.4,930836845.4,930836845.4,8.66457E+17,,Observations,579,,,,,,,
Splash,3/9/1984,Comedy,PG,157057661,62599495,0,0,0,0,1,0,0,0,0,0,0,0,1,0,0,0,0,30750,940827000.1,878227505.1,878227505.1,7.71284E+17,,,,,,,,,,
Country,9/29/1984,Drama,Empty,21075000,8400000,0,0,1,0,0,0,0,0,0,0,0,0,0,0,0,0,1,30954,947935296.1,939535296.1,939535296.1,8.82727E+17,,ANOVA,,,,,,,,
Baby: Secret of the Lost Legend,3/22/1985,Adventure,Empty,33900697,14276095,0,1,0,0,0,0,0,0,0,0,0,0,0,0,0,0,1,31128,1224498506,1210222411,1210222411,1.46464E+18,,,df,SS,MS,F,Significance F,,,
Return to Oz,6/21/1985,Adventure,Empty,25215934,10618813,0,1,0,0,0,0,0,0,0,0,0,0,0,0,0,0,1,31219,966353505,955734692,955734692,9.13429E+17,,Regression,6,6.07879E+17,1.01313E+17,13.1927874,5.11576E-14,,,
The Black Cauldron,7/24/1985,Adventure,Empty,50553142,21288692,0,1,0,0,0,0,0,0,0,0,0,0,0,0,0,0,1,31252,972812256,951523564,951523564,9.05397E+17,,Residual,572,4.39264E+18,7.67944E+15,,,,,
My Science Project,8/9/1985,Comedy,Empty,9736051,4100000,0,0,0,0,1,0,0,0,0,0,0,0,0,0,0,0,1,31268,976155692,972055692,972055692,9.44892E+17,,Total,578,5.00052E+18,,,,,,
The Journey of Natty Gann,9/27/1985,Drama,Empty,22302956,9468512,0,0,1,0,0,0,0,0,0,0,0,0,0,0,0,0,1,31317,#VALUE!,#VALUE!,#VALUE!,#VALUE!,,,,,,,,,,
One Magic Christmas,11/22/1985,Drama,Empty,31415432,13229514,0,0,1,0,0,0,0,0,0,0,0,0,0,0,0,0,1,31373,980970979,967741465,967741465,9.36524E+17,,,Coefficients,Standard Error,t Stat,P-value,Lower 95%,Upper 95%,Lower 95.0%,Upper 95.0%
Down and Out in Beverly Hills,1/31/1986,Comedy,R,141183693,62134225,0,0,0,0,1,0,0,0,0,0,0,0,0,0,0,1,0,31443,984700994,922566769,922566769,8.51129E+17,,Intercept,-106166063.2,58302327.51,-1.820957545,0.0691356,-220678827.9,8346701.56,-220678827.9,8346701.56
Off Beat,4/11/1986,Comedy,Empty,11003932,4842778,0,0,0,0,1,0,0,0,0,0,0,0,0,0,0,0,1,31513,988657927,983815149,983815149,9.67892E+17,,R,-58887199.17,51806974,-1.136665484,0.256154118,-160642310.5,42867912.13,-160642310.5,42867912.13
Ruthless People,6/27/1986,Comedy,R,162748712,71624879,0,0,0,0,1,0,0,0,0,0,0,0,0,0,0,1,0,31590,993284370,921659491,921659491,8.49456E+17,,PG-13,-17153746.65,51876620.4,-0.330664305,0.741019152,-119045651.8,84738158.53,-119045651.8,84738158.53
The Great Mouse Detective,7/2/1986,Adventure,Empty,53637367,23605534,0,1,0,0,0,0,0,0,0,0,0,0,0,0,0,0,1,31595,#VALUE!,#VALUE!,#VALUE!,#VALUE!,,G,2377540.164,51979028.66,0.045740373,0.963533148,-99715507.12,104470587.4,-99715507.12,104470587.4
Flight of the Navigator,7/30/1986,Adventure,Empty,42183197,18564613,0,1,0,0,0,0,0,0,0,0,0,0,0,0,0,0,1,31623,1008609079,990044466.1,990044466.1,9.80188E+17,,PG,-24166462.11,51744763.65,-0.467032032,0.640654806,-125799384.8,77466460.59,-125799384.8,77466460.59
Tough Guys,10/3/1986,Comedy,Empty,48758184,21458229,0,0,0,0,1,0,0,0,0,0,0,0,0,0,0,0,1,31688,1478693238,1457235009,1457235009,2.12353E+18,,EMPTY,-44303167.37,51959648.84,-0.852645627,0.394212722,-146358150.4,57751815.63,-146358150.4,57751815.63
The Color of Money,10/17/1986,Drama,R,117957323,52293000,0,0,1,0,0,0,0,0,0,0,0,0,0,0,0,1,0,31702,1103811809,1051518809,1051518809,1.10569E+18,,days_since_release,5481.893211,1013.981948,5.406302568,9.46198E-08,3490.311035,7473.475387,3490.311035,7473.475387
Outrageous Fortune,1/30/1987,Comedy,R,113976921,52864741,0,0,0,0,1,0,0,0,0,0,0,0,0,0,0,1,0,31807,1042880446,990015705.2,990015705.2,9.80131E+17,,,,,,,,,,
Tin Men,3/6/1987,Comedy,Empty,54787202,25411386,0,0,0,0,1,0,0,0,0,0,0,0,0,0,0,0,1,31842,1116337712,1090926326,1090926326,1.19012E+18,,,,,,,,,,
Ernest Goes to Camp,5/22/1987,Comedy,Empty,50686462,23509382,0,0,0,0,1,0,0,0,0,0,0,0,0,0,0,0,1,31919,1052894873,1029385491,1029385491,1.05963E+18,,,,,,,,,,
Benji the Hunted,6/5/1987,Adventure,Empty,32798382,15212539,0,1,0,0,0,0,0,0,0,0,0,0,0,0,0,0,1,31933,1024498528,1009285989,1009285989,1.01866E+18,,SUMMARY OUTPUT,,,,,,,,
Adventures in Babysitting,7/3/1987,Comedy,Empty,72853569,33790923,0,0,0,0,1,0,0,0,0,0,0,0,0,0,0,0,1,31961,1052205140,1018414217,1018414217,1.03717E+18,,,,,,,,,,
Stakeout,8/5/1987,Comedy,R,141592160,65673233,0,0,0,0,1,0,0,0,0,0,0,0,0,0,0,1,0,31994,1080694573,1015021340,1015021340,1.03027E+18,,Regression Statistics,,,,,,,,
Can't Buy Me Love,8/14/1987,Romantic Comedy,Empty,68181300,31623833,0,0,0,0,0,0,1,0,0,0,0,0,0,0,0,0,1,32003,1062036061,1030412228,1030412228,1.06175E+18,,Multiple R,0.386769351,,,,,,,
Hello Again,11/6/1987,Comedy,Empty,44024529,20419446,0,0,0,0,1,0,0,0,0,0,0,0,0,0,0,0,1,32087,1069196461,1048777015,1048777015,1.09993E+18,,R Square,0.149590531,,,,,,,
3 Men and a Baby,11/25/1987,Comedy,PG,353334607,167780960,0,0,0,0,1,0,0,0,0,0,0,0,1,0,0,0,0,32106,902716169.4,734935209.4,734935209.4,5.4013E+17,,Adjusted R Square,0.126933085,,,,,,,
Good Morning Vietnam,12/23/1987,Comedy,R,254414837,123922370,0,0,0,0,1,0,0,0,0,0,0,0,0,0,0,1,0,32134,888706118.2,764783748.2,764783748.2,5.84894E+17,,Standard Error,267312506.4,,,,,,,
Shoot to Kill,2/12/1988,Action,Empty,60097074,29300000,0,0,0,1,0,0,0,0,0,0,0,0,0,0,0,0,1,32185,1062157201,1032857201,1032857201,1.06679E+18,,Observations,579,,,,,,,
D.O.A.,3/18/1988,Thriller/Suspense,Empty,26062188,12706478,0,0,0,0,0,0,0,1,0,0,0,0,0,0,0,0,1,32220,1071881867,1059175389,1059175389,1.12185E+18,,,,,,,,,,
Return to Snowy River,4/15/1988,Adventure,PG,28073384,13687027,0,1,0,0,0,0,0,0,0,0,0,0,1,0,0,0,0,32248,1228051750,1214364723,1214364723,1.47468E+18,,ANOVA,,,,,,,,
Big Business,6/10/1988,Comedy,PG,82352451,40150487,0,0,0,0,1,0,0,0,0,0,0,0,1,0,0,0,0,32304,1040834880,1000684393,1000684393,1.00137E+18,,,df,SS,MS,F,Significance F,,,
Who Framed Roger Rabbit?,6/22/1988,Comedy,PG,316250084,154112492,0,0,0,0,1,0,0,0,0,0,0,0,1,0,0,0,0,32316,1042126368,888013876,888013876,7.88569E+17,,Regression,15,7.07657E+18,4.71772E+17,6.602268055,3.74436E-13,,,
Cocktail,7/29/1988,Drama,R,160442289,78222753,0,0,1,0,0,0,0,0,0,0,0,0,0,0,0,1,0,32353,1045131312,966908559,966908559,9.34912E+17,,Residual,563,4.02297E+19,7.1456E+16,,,,,
The Rescue,8/5/1988,Action,Empty,12009960,5855392,0,0,0,1,0,0,0,0,0,0,0,0,0,0,0,0,1,32360,1045745760,1039890368,1039890368,1.08137E+18,,Total,578,4.73063E+19,,,,,,
Heartbreak Hotel,9/30/1988,Comedy,Empty,11300331,5509417,0,0,0,0,1,0,0,0,0,0,0,0,0,0,0,0,1,32416,1048754848,1043245431,1043245431,1.08836E+18,,,,,,,,,,
The Good Mother,11/4/1988,Drama,Empty,9772655,4764606,0,0,1,0,0,0,0,0,0,0,0,0,0,0,0,0,1,32451,1050114360,1045349754,1045349754,1.09276E+18,,,Coefficients,Standard Error,t Stat,P-value,Lower 95%,Upper 95%,Lower 95.0%,Upper 95.0%
Ernest Saves Christmas,11/11/1988,Comedy,PG,57845202,28202109,0,0,0,0,1,0,0,0,0,0,0,0,1,0,0,0,0,32458,1052158528,1023956419,1023956419,1.04849E+18,,Intercept,9638509.06,65550798.89,0.147038773,0.883154054,-119115487.1,138392505.2,-119115487.1,138392505.2
Oliver & Company,11/18/1988,Adventure,G,102254492,49576671,0,1,0,0,0,0,0,0,0,0,0,0,0,0,1,0,0,32465,1053521715,1003945044,1003945044,1.00791E+18,,Musical,477510878.3,96124090.14,4.967650436,9.00159E-07,288705235.3,666316521.3,288705235.3,666316521.3
Beaches,12/21/1988,Drama,PG-13,120381757,57041866,0,0,1,0,0,0,0,0,0,0,0,0,0,1,0,0,0,32498,1138394598,1081352732,1081352732,1.16932E+18,,Adventure,101299462.9,71565827.16,1.415472536,0.157482912,-39269170.81,241868096.5,-39269170.81,241868096.5
Three Fugitives,1/27/1989,Comedy,PG-13,85757817,40590000,0,0,0,0,1,0,0,0,0,0,0,0,0,1,0,0,0,32535,1056249354,1015659354,1015659354,1.03156E+18,,Drama,34980230.16,69845843.4,0.500820499,0.61669319,-102210034.6,172170494.9,-102210034.6,172170494.9
New York Stories,3/1/1989,Drama,PG,22740861,10763469,0,0,1,0,0,0,0,0,0,0,0,0,1,0,0,0,0,32568,1058394864,1047631395,1047631395,1.09753E+18,,Action,106882627.9,77768099.8,1.37437623,0.169871736,-45868426.17,259633681.9,-45868426.17,259633681.9
Disorganized Crime,4/14/1989,Comedy,Empty,15233465,7210149,0,0,0,0,1,0,0,0,0,0,0,0,0,0,0,0,1,32612,1061031420,1053821271,1053821271,1.11054E+18,,Comedy,37647239.95,68741630.51,0.547662889,0.584140444,-97374144.69,172668624.6,-97374144.69,172668624.6
Dead Poets Society,6/2/1989,Drama,PG,202531517,95860116,0,0,1,0,0,0,0,0,0,0,0,0,1,0,0,0,0,32661,#VALUE!,#VALUE!,#VALUE!,#VALUE!,,Horror,7687941.747,127035560.7,0.060518029,0.951764533,-241833595.2,257209478.7,-241833595.2,257209478.7
"Honey, I Shrunk the Kids",6/23/1989,Adventure,PG,276191669,130724172,0,1,0,0,0,0,0,0,0,0,0,0,1,0,0,0,0,32682,1065825399,935101227,935101227,8.74414E+17,,Romantic Comedy,32041981.49,86599804.3,0.370000622,0.71152117,-138056187.6,202140150.5,-138056187.6,202140150.5
Turner & Hooch,7/28/1989,Comedy,PG,150176361,71079915,0,0,0,0,1,0,0,0,0,0,0,0,1,0,0,0,0,32717,1068570500,997490585,997490585,9.94987E+17,,Thriller/Suspense,59030171.37,85185285.21,0.692962068,0.488619104,-108289618.3,226349961.1,-108289618.3,226349961.1
Cheetah,8/18/1989,Adventure,Empty,16653473,7882250,0,1,0,0,0,0,0,0,0,0,0,0,0,0,0,0,1,32738,1069943894,1062061644,1062061644,1.12797E+18,,Western,39188177.61,120544231.5,0.325093761,0.74523088,-197583178.1,275959533.3,-197583178.1,275959533.3
An Innocent Man,10/6/1989,Drama,R,40983414,19397847,0,0,1,0,0,0,0,0,0,0,0,0,0,0,0,1,0,32787,1072692279,1053294432,1053294432,1.10943E+18,,Black Comedy,42604982.61,167676969,0.254089651,0.799519068,-286743861.1,371953826.3,-286743861.1,371953826.3
Gross Anatomy,10/20/1989,Drama,PG-13,23972012,11346186,0,0,1,0,0,0,0,0,0,0,0,0,0,1,0,0,0,32801,#VALUE!,#VALUE!,#VALUE!,#VALUE!,,Documentary,-124772148.6,96973136.22,-1.286667148,0.198739129,-315245476.5,65701179.21,-315245476.5,65701179.21
The Little Mermaid,11/15/1989,Adventure,G,223726012,111543479,0,1,0,0,0,0,0,0,0,0,0,0,0,0,1,0,0,32827,1067189498,955646019,955646019,9.13259E+17,,Concert/Performance,-142377539.8,203385074,-0.700039276,0.484191935,-541863762.4,257108682.7,-541863762.4,257108682.7
Blaze,12/13/1989,Drama,R,39884640,19049727,0,0,1,0,0,0,0,0,0,0,0,0,0,0,0,1,0,32855,1122549918,1103500191,1103500191,1.21771E+18,,PG,28825590.67,30882230.65,0.933403775,0.351011661,-31832870.77,89484052.11,-31832870.77,89484052.11
Stella,2/2/1990,Drama,PG-13,40077147,20062347,0,0,1,0,0,0,0,0,0,0,0,0,0,1,0,0,0,32906,1179740961,1159678614,1159678614,1.34485E+18,,PG-13,36524387.16,31351822.56,1.164984495,0.244518635,-25056440.37,98105214.69,-25056440.37,98105214.69
Where the Heart Is,2/23/1990,Comedy,Empty,2210321,1106475,0,0,0,0,1,0,0,0,0,0,0,0,0,0,0,0,1,32927,1099915385,1098808910,1098808910,1.20738E+18,,G,190149869.8,41380045.61,4.595206868,5.34021E-06,108871741.6,271427997.9,108871741.6,271427997.9
Pretty Woman,3/23/1990,Romantic Comedy,R,356389765,178406268,0,0,0,0,0,0,1,0,0,0,0,0,0,0,0,1,0,32955,1169763172,991356903.6,991356903.6,9.82789E+17,,,,,,,,,,
Ernest Goes to Jail,4/6/1990,Comedy,PG,49999822,25029569,0,0,0,0,1,0,0,0,0,0,0,0,1,0,0,0,0,32969,1109845387,1084815818,1084815818,1.17683E+18,,,,,,,,,,
Spaced Invaders,4/27/1990,Comedy,PG,29964452,15000000,0,0,0,0,1,0,0,0,0,0,0,0,1,0,0,0,0,32990,1102420452,1087420452,1087420452,1.18248E+18,,SUMMARY OUTPUT,,,,,,,,
Fire Birds,5/24/1990,Action,PG-13,29485923,14760451,0,0,0,1,0,0,0,0,0,0,0,0,0,1,0,0,0,33017,1108697718,1093937267,1093937267,1.1967E+18,,,,,,,,,,
Dick Tracy,6/15/1990,Action,PG,207231621,103738726,0,0,0,1,0,0,0,0,0,0,0,0,1,0,0,0,0,33039,1128936331,1025197605,1025197605,1.05103E+18,,Regression Statistics,,,,,,,,
Betsy's Wedding,6/22/1990,Comedy,R,39433357,19740070,0,0,0,0,1,0,0,0,0,0,0,0,0,0,0,1,0,33046,1117607495,1097867425,1097867425,1.20531E+18,,Multiple R,0.462173876,,,,,,,
Arachnophobia,7/18/1990,Thriller/Suspense,PG-13,106290270,53208180,0,0,0,0,0,0,0,1,0,0,0,0,0,1,0,0,0,33072,1134289563,1081081383,1081081383,1.16874E+18,,R Square,0.213604692,,,,,,,
DuckTales: The Movie - Treasure of th…,8/3/1990,Adventure,G,36107823,18075331,0,1,0,0,0,0,0,0,0,0,0,0,0,0,1,0,0,33088,1075448992,1057373661,1057373661,1.11804E+18,,Adjusted R Square,0.192652774,,,,,,,
Taking Care of Business,8/17/1990,Comedy,R,39963460,20005435,0,0,0,0,1,0,0,0,0,0,0,0,0,0,0,1,0,33102,1112091642,1092086207,1092086207,1.19265E+18,,Standard Error,83574513.91,,,,,,,
Mr. Destiny,10/12/1990,Comedy,PG-13,30722056,15379253,0,0,0,0,1,0,0,0,0,0,0,0,0,1,0,0,0,33158,1132954959,1117575706,1117575706,1.24898E+18,,Observations,579,,,,,,,
The Rescuers Down Under,11/16/1990,Adventure,G,55796728,27931461,0,1,0,0,0,0,0,0,0,0,0,0,0,0,1,0,0,33193,1149069653,1121138192,1121138192,1.25695E+18,,,,,,,,,,
3 Men and a Little Lady,11/21/1990,Comedy,PG,143108869,71609321,0,0,0,0,1,0,0,0,0,0,0,0,1,0,0,0,0,33198,1144274570,1072665249,1072665249,1.15061E+18,,ANOVA,,,,,,,,
Green Card,12/25/1990,Romantic Comedy,PG-13,59679131,29804169,0,0,0,0,0,0,1,0,0,0,0,0,0,1,0,0,0,33232,1103069776,1073265607,1073265607,1.1519E+18,,,df,SS,MS,F,Significance F,,,
White Fang,1/18/1991,Adventure,PG,69540672,34729091,0,1,0,0,0,0,0,0,0,0,0,0,1,0,0,0,0,33256,1104032688,1069303597,1069303597,1.14341E+18,,Regression,15,1.06813E+18,7.1209E+16,10.19499484,9.7732E-22,,,
Scenes from a Mall,2/22/1991,Comedy,Empty,19149495,9563393,0,0,0,0,1,0,0,0,0,0,0,0,0,0,0,0,1,33291,1106326512,1096763119,1096763119,1.20289E+18,,Residual,563,3.93239E+18,6.9847E+15,,,,,
Haakon Haakonsen,3/1/1991,Adventure,PG,30084149,15024232,0,1,0,0,0,0,0,0,0,0,0,0,1,0,0,0,0,33298,1107358288,1092334056,1092334056,1.19319E+18,,Total,578,5.00052E+18,,,,,,
The Marrying Man,4/5/1991,Romantic Comedy,R,24939118,12454768,0,0,0,0,0,0,1,0,0,0,0,0,0,0,0,1,0,33333,1109688903,1097234135,1097234135,1.20392E+18,,,,,,,,,,
Oscar,4/26/1991,Comedy,PG,47181395,23562716,0,0,0,0,1,0,0,0,0,0,0,0,1,0,0,0,0,33354,1110621492,1087058776,1087058776,1.1817E+18,,,Coefficients,Standard Error,t Stat,P-value,Lower 95%,Upper 95%,Lower 95.0%,Upper 95.0%
One Good Cop,5/3/1991,Action,R,22580472,11276846,0,0,0,1,0,0,0,0,0,0,0,0,0,0,0,1,0,33361,1112022213,1100745367,1100745367,1.21164E+18,,Intercept,-9109351.035,20494275.51,-0.444482706,0.656864439,-49363930.92,31145228.85,-49363930.92,31145228.85
What About Bob?,5/17/1991,Comedy,PG,127571325,63710000,0,0,0,0,1,0,0,0,0,0,0,0,1,0,0,0,0,33375,1113189750,1049479750,1049479750,1.10141E+18,,Musical,44873063.15,30052930.25,1.493134373,0.135962192,-14156497.6,103902623.9,-14156497.6,103902623.9
Wild Hearts Can't Be Broken,5/24/1991,Drama,Empty,14617333,7300000,0,0,1,0,0,0,0,0,0,0,0,0,0,0,0,0,1,33382,1113656902,1106356902,1106356902,1.22403E+18,,Adventure,99535698.65,22374857.42,4.448551192,1.04217E-05,55587305.11,143484092.2,55587305.11,143484092.2
The Rocketeer,6/21/1991,Action,PG,93256673,46573027,0,0,0,1,0,0,0,0,0,0,0,0,1,0,0,0,0,33410,1115058750,1068485723,1068485723,1.14166E+18,,Drama,18098800.1,21837109.27,0.828809339,0.407563532,-24793355.76,60990955.96,-24793355.76,60990955.96
The Doctor,7/24/1991,Drama,PG-13,75084021,37497480,0,0,1,0,0,0,0,0,0,0,0,0,0,1,0,0,0,33443,1116394226,1078896746,1078896746,1.16402E+18,,Action,85345941.63,24313980.76,3.510159133,0.000483687,37588748.15,133103135.1,37588748.15,133103135.1
Paradise,9/18/1991,Drama,PG-13,37313540,18634643,0,0,1,0,0,0,0,0,0,0,0,0,0,1,0,0,0,33499,1119201590,1100566947,1100566947,1.21125E+18,,Comedy,24275124.4,21491880.17,1.129502129,0.259167079,-17938937.11,66489185.92,-17938937.11,66489185.92
Deceived,9/27/1991,Thriller/Suspense,PG-13,57544453,28738096,0,0,0,0,0,0,0,1,0,0,0,0,0,1,0,0,0,33508,1120608044,1091869948,1091869948,1.19218E+18,,Horror,15235001.8,39717315.79,0.383585887,0.701430209,-62777214.85,93247218.45,-62777214.85,93247218.45
Ernest Scared Stupid,10/11/1991,Comedy,PG,28320147,14143280,0,0,0,0,1,0,0,0,0,0,0,0,1,0,0,0,0,33522,1122953478,1108810198,1108810198,1.22946E+18,,Romantic Comedy,20160245.47,27075188.69,0.744602215,0.456822914,-33020475.43,73340966.36,-33020475.43,73340966.36
Billy Bathgate,11/1/1991,Drama,R,31167691,15565363,0,0,1,0,0,0,0,0,0,0,0,0,0,0,0,1,0,33543,1123958844,1108393481,1108393481,1.22854E+18,,Thriller/Suspense,38979721.34,26632943.22,1.46359045,0.143863959,-13332346.96,91291789.64,-13332346.96,91291789.64
Beauty and the Beast,11/13/1991,Musical,G,363017667,218951625,1,0,0,0,0,0,0,0,0,0,0,0,0,0,1,0,0,33555,1124830710,905879085,905879085,8.20617E+17,,Western,26527713.02,37687819.73,0.703880278,0.481798346,-47498194.81,100553620.9,-47498194.81,100553620.9
Father of the Bride,12/20/1991,Comedy,PG,179821881,89325780,0,0,0,0,1,0,0,0,0,0,0,0,1,0,0,0,0,33592,1126776456,1037450676,1037450676,1.0763E+18,,Black Comedy,41623755.04,52423739.41,0.793986761,0.427537664,-61346247.72,144593757.8,-61346247.72,144593757.8
The Hand That Rocks the Cradle,1/10/1992,Thriller/Suspense,R,178831137,88036683,0,0,0,0,0,0,0,1,0,0,0,0,0,0,0,1,0,33613,1127884215,1039847532,1039847532,1.08128E+18,,Documentary,-17977056.22,30318382.15,-0.592942464,0.553457753,-77528014.02,41573901.58,-77528014.02,41573901.58
Medicine Man,2/7/1992,Drama,PG-13,91304495,44948240,0,0,1,0,0,0,0,0,0,0,0,0,0,1,0,0,0,33641,1130068472,1085120232,1085120232,1.17749E+18,,Concert/Performance,17342298.28,63587779.43,0.27273005,0.785160735,-107555961.5,142240558,-107555961.5,142240558
Blame it on the Bellboy,3/6/1992,Comedy,PG-13,5872667,2891055,0,0,0,0,1,0,0,0,0,0,0,0,0,1,0,0,0,33669,1131716097,1128825042,1128825042,1.27425E+18,,PG,35823055.49,9655243.782,3.710217608,0.000227628,16858355.72,54787755.27,16858355.72,54787755.27
Noises Off...,3/20/1992,Comedy,PG-13,4631720,2280148,0,0,0,0,1,0,0,0,0,0,0,0,0,1,0,0,0,33683,1133129803,1130849655,1130849655,1.27882E+18,,PG-13,50314967.4,9802060.389,5.133101145,3.93088E-07,31061892.43,69568042.38,31061892.43,69568042.38
Straight Talk,4/3/1992,Comedy,PG,43068356,21202099,0,0,0,0,1,0,0,0,0,0,0,0,1,0,0,0,0,33697,1134544293,1113342194,1113342194,1.23953E+18,,G,43495285.76,12937356.52,3.36199174,0.000826345,18083904.36,68906667.16,18083904.36,68906667.16
Newsies,4/8/1992,,PG,5497481,2706352,0,0,0,0,0,0,0,0,0,0,0,0,1,0,0,0,0,33702,1135184466,1132478114,1132478114,1.28251E+18,,,,,,,,,,
Passed Away,4/24/1992,,PG-13,8187848,4030793,0,0,0,0,0,0,0,0,0,0,0,0,0,1,0,0,0,33718,1136195446,1132164653,1132164653,1.2818E+18,,,,,,,,,,
Encino Man,5/22/1992,Comedy,PG,81369058,40057130,0,0,0,0,1,0,0,0,0,0,0,0,1,0,0,0,0,33746,1137307692,1097250562,1097250562,1.20396E+18,,,,,,,,,,
Sister Act,5/29/1992,Comedy,PG,283583472,139605150,0,0,0,0,1,0,0,0,0,0,0,0,1,0,0,0,0,33753,1138083654,998478504,998478504,9.96959E+17,,,,,,,,,,
Honey I Blew Up the Kid,7/17/1992,Comedy,PG,119162518,58662452,0,0,0,0,1,0,0,0,0,0,0,0,1,0,0,0,0,33802,1140682292,1082019840,1082019840,1.17077E+18,,,,,,,,,,
A Stranger Among Us,7/17/1992,Drama,PG-13,24950752,12282994,0,0,1,0,0,0,0,0,0,0,0,0,0,1,0,0,0,33802,1140918906,1128635912,1128635912,1.27382E+18,,,,,,,,,,
3 Ninjas,8/7/1992,Action,PG,58965304,29028000,0,0,0,1,0,0,0,0,0,0,0,0,1,0,0,0,0,33823,1143285046,1114257046,1114257046,1.24157E+18,,,,,,,,,,
A Gun in Betty Lou's Handbag,8/21/1992,,PG-13,7295423,3591460,0,0,0,0,0,0,0,0,0,0,0,0,0,1,0,0,0,33837,1143758274,1140166814,1140166814,1.29998E+18,,,,,,,,,,
Captain Ron,9/18/1992,Comedy,PG-13,45741576,22518097,0,0,0,0,1,0,0,0,0,0,0,0,0,1,0,0,0,33865,1145415895,1122897798,1122897798,1.2609E+18,,,,,,,,,,
Sarafina!,9/18/1992,Drama,PG-13,14841352,7306242,0,0,1,0,0,0,0,0,0,0,0,0,0,1,0,0,0,33865,1145890005,1138583763,1138583763,1.29637E+18,,,,,,,,,,
Innocent Blood,9/25/1992,Horror,R,9907922,4877567,0,0,0,0,0,1,0,0,0,0,0,0,0,0,0,1,0,33872,1147075280,1142197713,1142197713,1.30462E+18,,,,,,,,,,
The Mighty Ducks,10/2/1992,Comedy,PG,103120810,50752337,0,0,0,0,1,0,0,0,0,0,0,0,1,0,0,0,0,33879,1147312335,1096559998,1096559998,1.20244E+18,,,,,,,,,,
1492: Conquest of Paradise,10/9/1992,Adventure,PG-13,14421454,7099531,0,1,0,0,0,0,0,0,0,0,0,0,0,1,0,0,0,33886,1147786592,1140687061,1140687061,1.30117E+18,,,,,,,,,,
Consenting Adults,10/16/1992,Drama,R,43859823,21591728,0,0,1,0,0,0,0,0,0,0,0,0,0,0,0,1,0,33893,1148260947,1126669219,1126669219,1.26938E+18,,,,,,,,,,
Aladdin,11/11/1992,Comedy,G,441969178,217350219,0,0,0,0,1,0,0,0,0,0,0,0,0,0,1,0,0,33919,1149379234,932029015,932029015,8.68678E+17,,,,,,,,,,
The Distinguished Gentleman,12/4/1992,Comedy,R,94349900,46434570,0,0,0,0,1,0,0,0,0,0,0,0,0,0,0,1,0,33942,1150396206,1103961636,1103961636,1.21873E+18,,,,,,,,,,
The Muppet Christmas Carol,12/11/1992,Comedy,G,55417615,27281507,0,0,0,0,1,0,0,0,0,0,0,0,0,0,1,0,0,33949,1151516131,1124234624,1124234624,1.2639E+18,,,,,,,,,,
Alive,1/15/1993,Adventure,R,73914543,36299670,0,1,0,0,0,0,0,0,0,0,0,0,0,0,0,1,0,33984,1153484928,1117185258,1117185258,1.2481E+18,,,,,,,,,,
Aspen Extreme,1/22/1993,Romantic Comedy,PG-13,15970955,7843388,0,0,0,0,0,0,1,0,0,0,0,0,0,1,0,0,0,33991,1153960459,1146117071,1146117071,1.31358E+18,,,,,,,,,,
Homeward Bound: The Incredible Journey,2/3/1993,Adventure,G,85182343,41833324,0,1,0,0,0,0,0,0,0,0,0,0,0,0,1,0,0,34003,1155557952,1113724628,1113724628,1.24038E+18,,,,,,,,,,
The Cemetery Club,2/3/1993,Comedy,PG-13,11369541,5583621,0,0,0,0,1,0,0,0,0,0,0,0,0,1,0,0,0,34003,1155795973,1150212352,1150212352,1.32299E+18,,,,,,,,,,
Swing Kids,3/5/1993,Musical,PG-13,11468231,5632086,1,0,0,0,0,0,0,0,0,0,0,0,0,1,0,0,0,34033,1157224099,1151592013,1151592013,1.32616E+18,,,,,,,,,,
A Far Off Place,3/12/1993,Adventure,PG,26248558,12890752,0,1,0,0,0,0,0,0,0,0,0,0,1,0,0,0,0,34040,1157462120,1144571368,1144571368,1.31004E+18,,,,,,,,,,
Born Yesterday,3/26/1993,Romantic Comedy,PG,36165012,17760754,0,0,0,0,0,0,1,0,0,0,0,0,1,0,0,0,0,34054,1158959782,1141199028,1141199028,1.30234E+18,,,,,,,,,,
The Adventures of Huck Finn,4/2/1993,Adventure,PG,49080505,24103594,0,1,0,0,0,0,0,0,0,0,0,0,1,0,0,0,0,34061,1159436440,1135332846,1135332846,1.28898E+18,,,,,,,,,,
Bound by Honor,4/16/1993,,R,9156084,4496583,0,0,0,0,0,0,0,0,0,0,0,0,0,0,0,1,0,34075,1160390050,1155893467,1155893467,1.33609E+18,,,,,,,,,,
Indian Summer,4/23/1993,Comedy,R,29968953,14717851,0,0,0,0,1,0,0,0,0,0,0,0,0,0,0,1,0,34082,1160867002,1146149151,1146149151,1.31366E+18,,,,,,,,,,
Super Mario Bros.,5/28/1993,Action,PG,42445058,20844907,0,0,0,1,0,0,0,0,0,0,0,0,1,0,0,0,0,34117,1162536775,1141691868,1141691868,1.30346E+18,,,,,,,,,,
Guilty as Sin,6/4/1993,Thriller/Suspense,R,46064723,22622537,0,0,0,0,0,0,0,1,0,0,0,0,0,0,0,1,0,34124,1163014168,1140391631,1140391631,1.30049E+18,,,,,,,,,,
Life With Mikey,6/4/1993,Comedy,PG,25146538,12349549,0,0,0,0,1,0,0,0,0,0,0,0,1,0,0,0,0,34124,1164208508,1151858959,1151858959,1.32678E+18,,,,,,,,,,
What's Love Got to Do With It,6/9/1993,Drama,R,79618610,39100956,0,0,1,0,0,0,0,0,0,0,0,0,0,0,0,1,0,34129,1164617996,1125517040,1125517040,1.26679E+18,,,,,,,,,,
Son in Law,7/2/1993,Comedy,PG-13,52921433,25989889,0,0,0,0,1,0,0,0,0,0,0,0,0,1,0,0,0,34152,1165402848,1139412959,1139412959,1.29826E+18,,,,,,,,,,
Hocus Pocus,7/16/1993,Comedy,PG,80147079,39360491,0,0,0,0,1,0,0,0,0,0,0,0,1,0,0,0,0,34166,1166051414,1126690923,1126690923,1.26943E+18,,,,,,,,,,
Another Stakeout,7/23/1993,Comedy,PG-13,40943541,20107504,0,0,0,0,1,0,0,0,0,0,0,0,0,1,0,0,0,34173,1167076296,1146968792,1146968792,1.31554E+18,,,,,,,,,,
My Boyfriend's Back,8/6/1993,,PG-13,6554384,3218882,0,0,0,0,0,0,0,0,0,0,0,0,0,1,0,0,0,34187,1168033042,1164814160,1164814160,1.35679E+18,,,,,,,,,,
Father Hood,8/27/1993,,PG-13,6654819,3268203,0,0,0,0,0,0,0,0,0,0,0,0,0,1,0,0,0,34208,1168989984,1165721781,1165721781,1.35891E+18,,,,,,,,,,
The Joy Luck Club,9/8/1993,Drama,R,66768171,32790064,0,0,1,0,0,0,0,0,0,0,0,0,0,0,0,1,0,34220,1169879140,1137089076,1137089076,1.29297E+18,,,,,,,,,,
Money for Nothing,9/10/1993,Comedy,R,2127496,1044824,0,0,0,0,1,0,0,0,0,0,0,0,0,0,0,1,0,34222,1170666176,1169621352,1169621352,1.36801E+18,,,,,,,,,,
The Program,9/24/1993,Action,R,46919256,23042200,0,0,0,1,0,0,0,0,0,0,0,0,0,0,0,1,0,34236,1171555920,1148513720,1148513720,1.31908E+18,,,,,,,,,,
Cool Runnings,10/1/1993,Comedy,PG,140392731,68856263,0,0,0,0,1,0,0,0,0,0,0,0,1,0,0,0,0,34243,1171863946,1103007683,1103007683,1.21663E+18,,,,,,,,,,
The Nightmare Before Christmas,10/13/1993,Musical,PG,100026637,50408318,1,0,0,0,0,0,0,0,0,0,0,0,1,0,0,0,0,34255,1172754180,1122345862,1122345862,1.25966E+18,,,,,,,,,,
The Three Musketeers,11/12/1993,Adventure,PG,109310377,53661805,0,1,0,0,0,0,0,0,0,0,0,0,1,0,0,0,0,34285,1174021255,1120359450,1120359450,1.25521E+18,,,,,,,,,,
Sister Act 2 Back in the Habit,12/10/1993,Comedy,PG,116965668,57319029,0,0,0,0,1,0,0,0,0,0,0,0,1,0,0,0,0,34313,1175391815,1118072786,1118072786,1.25009E+18,,,,,,,,,,
Tombstone,12/25/1993,Western,R,115781734,56505065,0,0,0,0,0,0,0,0,1,0,0,0,0,0,0,1,0,34328,1176935480,1120430415,1120430415,1.25536E+18,,,,,,,,,,
The Air Up There,1/7/1994,Comedy,PG,42940186,20782439,0,0,0,0,1,0,0,0,0,0,0,0,1,0,0,0,0,34341,1178342733,1157560294,1157560294,1.33995E+18,,,,,,,,,,
Cabin Boy,1/7/1994,Comedy,PG-13,7168577,3469493,0,0,0,0,1,0,0,0,0,0,0,0,0,1,0,0,0,34341,1178857848,1175388355,1175388355,1.38154E+18,,,,,,,,,,
Iron Will,1/14/1994,Drama,PG,42610902,20623071,0,0,1,0,0,0,0,0,0,0,0,0,1,0,0,0,0,34348,1179544668,1158921597,1158921597,1.3431E+18,,,,,,,,,,
Red Rock West,1/28/1994,,R,5170709,2502551,0,0,0,0,0,0,0,0,0,0,0,0,0,0,0,1,0,34362,1180025442,1177522891,1177522891,1.38656E+18,,,,,,,,,,
Blank Check,2/11/1994,Comedy,PG,63170804,30573770,0,0,0,0,1,0,0,0,0,0,0,0,1,0,0,0,0,34376,1180746848,1150173078,1150173078,1.3229E+18,,,,,,,,,,
Angie,3/4/1994,Comedy,R,19116981,9252349,0,0,0,0,1,0,0,0,0,0,0,0,0,0,0,1,0,34397,1181949714,1172697365,1172697365,1.37522E+18,,,,,,,,,,
The Ref,3/9/1994,Comedy,R,23401275,11325885,0,0,0,0,1,0,0,0,0,0,0,0,0,0,0,1,0,34402,1182603152,1171277267,1171277267,1.37189E+18,,,,,,,,,,
D2: The Mighty Ducks,3/25/1994,Comedy,PG,94226333,45604206,0,0,0,0,1,0,0,0,0,0,0,0,1,0,0,0,0,34418,1183875946,1138271740,1138271740,1.29566E+18,,,,,,,,,,
Holy Matrimony,4/8/1994,Comedy,Empty,1473665,713234,0,0,0,0,1,0,0,0,0,0,0,0,0,0,0,0,1,34432,1184529664,1183816430,1183816430,1.40142E+18,,,,,,,,,,
White Fang 2: Myth of the White Wolf,4/15/1994,Adventure,PG,18083994,8752399,0,1,0,0,0,0,0,0,0,0,0,0,1,0,0,0,0,34439,1185321502,1176569103,1176569103,1.38431E+18,,,,,,,,,,
The Inkwell,4/22/1994,Comedy,R,18316030,8864699,0,0,0,0,1,0,0,0,0,0,0,0,0,0,0,1,0,34446,1186044672,1177179973,1177179973,1.38575E+18,,,,,,,,,,
When a Man Loves a Woman,4/29/1994,Drama,R,103354194,50021959,0,0,1,0,0,0,0,0,0,0,0,0,0,0,0,1,0,34453,1186526867,1136504908,1136504908,1.29164E+18,,,,,,,,,,
3 Ninjas Kick Back,5/6/1994,Action,PG,24267154,11744960,0,0,0,1,0,0,0,0,0,0,0,0,1,0,0,0,0,34460,1187009160,1175264200,1175264200,1.38125E+18,,,,,,,,,,
Renaissance Man,6/3/1994,Comedy,PG-13,49945474,24172899,0,0,0,0,1,0,0,0,0,0,0,0,0,1,0,0,0,34488,1188215064,1164042165,1164042165,1.35499E+18,,,,,,,,,,
The Lion King,6/15/1994,Adventure,G,761640898,422780140,0,1,0,0,0,0,0,0,0,0,0,0,0,0,1,0,0,34500,1188870000,766089860,766089860,5.86894E+17,,,,,,,,,,
I Love Trouble,6/29/1994,Romantic Comedy,PG,63651027,30806194,0,0,0,0,0,0,1,0,0,0,0,0,1,0,0,0,0,34514,1190318832,1159512638,1159512638,1.34447E+18,,,,,,,,,,
Angels in the Outfield,7/15/1994,Comedy,PG,103798152,50236831,0,0,0,0,1,0,0,0,0,0,0,0,1,0,0,0,0,34530,1191285000,1141048169,1141048169,1.30199E+18,,,,,,,,,,
In the Army Now,8/12/1994,Comedy,PG,59673787,28881266,0,0,0,0,1,0,0,0,0,0,0,0,1,0,0,0,0,34558,1192734812,1163853546,1163853546,1.35456E+18,,,,,,,,,,
Color of Night,8/19/1994,Thriller/Suspense,R,40804816,19750470,0,0,0,0,0,0,0,1,0,0,0,0,0,0,0,1,0,34565,1193529450,1173778980,1173778980,1.37776E+18,,,,,,,,,,
Camp Nowhere,8/26/1994,Comedy,PG,21576332,10442641,0,0,0,0,1,0,0,0,0,0,0,0,1,0,0,0,0,34572,1194739176,1184296535,1184296535,1.40256E+18,,,,,,,,,,
It's Pat,8/26/1994,Comedy,Empty,125666,60822,0,0,0,0,1,0,0,0,0,0,0,0,0,0,0,0,1,34572,1194981180,1194920358,1194920358,1.42783E+18,,,,,,,,,,
A Simple Twist of Fate,9/2/1994,Drama,PG-13,7035189,3404935,0,0,1,0,0,0,0,0,0,0,0,0,0,1,0,0,0,34579,1195465188,1192060253,1192060253,1.42101E+18,,,,,,,,,,
Quiz Show,9/14/1994,Drama,PG-13,50840394,24787282,0,0,1,0,0,0,0,0,0,0,0,0,0,1,0,0,0,34591,1195880052,1171092770,1171092770,1.37146E+18,,,,,,,,,,
Terminal Velocity,9/23/1994,Action,PG-13,34048315,16478900,0,0,0,1,0,0,0,0,0,0,0,0,0,1,0,0,0,34600,1196433400,1179954500,1179954500,1.39229E+18,,,,,,,,,,
Ed Wood,9/30/1994,Comedy,R,12042634,5828466,0,0,0,0,1,0,0,0,0,0,0,0,0,0,0,1,0,34607,1197090737,1191262271,1191262271,1.41911E+18,,,,,,,,,,
The Puppet Masters,10/21/1994,Horror,R,17727017,8579626,0,0,0,0,0,1,0,0,0,0,0,0,0,0,0,1,0,34628,1198128800,1189549174,1189549174,1.41503E+18,,,,,,,,,,
Squanto: A Warrior's Tale,10/28/1994,Drama,PG,6858345,3319344,0,0,1,0,0,0,0,0,0,0,0,0,1,0,0,0,0,34635,1198613445,1195294101,1195294101,1.42873E+18,,,,,,,,,,
The Santa Clause,11/11/1994,Comedy,PG,298369717,144833357,0,0,0,0,1,0,0,0,0,0,0,0,1,0,0,0,0,34649,1199825572,1054992215,1054992215,1.11301E+18,,,,,,,,,,
A Low Down Dirty Shame,11/23/1994,Action,R,60321919,29317886,0,0,0,1,0,0,0,0,0,0,0,0,0,0,0,1,0,34661,1200483735,1171165849,1171165849,1.37163E+18,,,,,,,,,,
The Jungle Book,12/25/1994,Adventure,PG,88930321,44342956,0,1,0,0,0,0,0,0,0,0,0,0,1,0,0,0,0,34693,1202077757,1157734801,1157734801,1.34035E+18,,,,,,,,,,
Houseguest,1/6/1995,Comedy,PG,51016522,26325256,0,0,0,0,1,0,0,0,0,0,0,0,1,0,0,0,0,34705,1202910005,1176584749,1176584749,1.38435E+18,,,,,,,,,,
Bad Company,1/20/1995,Thriller/Suspense,R,6829092,3523909,0,0,0,0,0,0,0,1,0,0,0,0,0,0,0,1,0,34719,1204506267,1200982358,1200982358,1.44236E+18,,,,,,,,,,
Miami Rhapsody,1/27/1995,Romantic Comedy,PG-13,9857435,5086578,0,0,0,0,0,0,1,0,0,0,0,0,0,1,0,0,0,34726,1205165830,1200079252,1200079252,1.44019E+18,,,,,,,,,,
The Jerky Boys,2/3/1995,Comedy,R,14641561,7555256,0,0,0,0,1,0,0,0,0,0,0,0,0,0,0,1,0,34733,1205895027,1198339771,1198339771,1.43602E+18,,,,,,,,,,
Heavy Weights,2/17/1995,Comedy,PG,34245779,17671310,0,0,0,0,1,0,0,0,0,0,0,0,1,0,0,0,0,34747,1206624322,1188953012,1188953012,1.41361E+18,,,,,,,,,,
Man of the House,3/3/1995,Comedy,PG,77573459,40029009,0,0,0,0,1,0,0,0,0,0,0,0,1,0,0,0,0,34761,1207353813,1167324804,1167324804,1.36265E+18,,,,,,,,,,
Roommates,3/3/1995,Comedy,PG,23404369,12076989,0,0,0,0,1,0,0,0,0,0,0,0,1,0,0,0,0,34761,1207840467,1195763478,1195763478,1.42985E+18,,,,,,,,,,
Tall Tale,3/24/1995,Western,PG,15983331,8247627,0,0,0,0,0,0,0,0,1,0,0,0,1,0,0,0,0,34782,1209057102,1200809475,1200809475,1.44194E+18,,,,,,,,,,
A Pyromaniac's Love Story,3/28/1995,Romantic Comedy,PG,907414,468240,0,0,0,0,0,0,1,0,0,0,0,0,1,0,0,0,0,34786,1209196146,1208727906,1208727906,1.46102E+18,,,,,,,,,,
Jefferson in Paris,3/31/1995,Drama,PG-13,4770461,2461628,0,0,1,0,0,0,0,0,0,0,0,0,0,1,0,0,0,34789,1210030998,1207569370,1207569370,1.45822E+18,,,,,,,,,,
Funny Bones,3/31/1995,Comedy,R,1025425,529135,0,0,0,0,1,0,0,0,0,0,0,0,0,0,0,1,0,34789,1210170154,1209641019,1209641019,1.46323E+18,,,,,,,,,,
A Goofy Movie,4/7/1995,Comedy,G,68479579,35336439,0,0,0,0,1,0,0,0,0,0,0,0,0,0,1,0,0,34796,1210518044,1175181605,1175181605,1.38105E+18,,,,,,,,,,
While You Were Sleeping,4/21/1995,Romantic Comedy,PG,157082900,81057016,0,0,0,0,0,0,1,0,0,0,0,0,1,0,0,0,0,34810,1211005090,1129948074,1129948074,1.27678E+18,,,,,,,,,,
Crimson Tide,5/12/1995,Action,R,177102077,91387195,0,0,0,1,0,0,0,0,0,0,0,0,0,0,0,1,0,34831,1211979476,1120592281,1120592281,1.25573E+18,,,,,,,,,,
Mad Love,5/26/1995,Drama,PG-13,29934306,15446532,0,0,1,0,0,0,0,0,0,0,0,0,0,1,0,0,0,34845,1212954450,1197507918,1197507918,1.43403E+18,,,,,,,,,,
Pocahontas,6/10/1995,Adventure,G,274370957,141579773,0,1,0,0,0,0,0,0,0,0,0,0,0,0,1,0,0,34860,1214208660,1072628887,1072628887,1.15053E+18,,,,,,,,,,
Judge Dredd,6/30/1995,Action,R,67222776,34687912,0,0,0,1,0,0,0,0,0,0,0,0,0,0,0,1,0,34880,1215393600,1180705688,1180705688,1.39407E+18,,,,,,,,,,
Operation Dumbo Drop,7/28/1995,Adventure,PG,47809421,24670346,0,1,0,0,0,0,0,0,0,0,0,0,1,0,0,0,0,34908,1216892880,1192222534,1192222534,1.42139E+18,,,,,,,,,,
Dangerous Minds,8/11/1995,Drama,R,164552293,84919401,0,0,1,0,0,0,0,0,0,0,0,0,0,0,0,1,0,34922,1218079360,1133159959,1133159959,1.28405E+18,,,,,,,,,,
A Kid in King Arthur's Court,8/11/1995,Adventure,PG,25981285,13406717,0,1,0,0,0,0,0,0,0,0,0,0,1,0,0,0,0,34922,1219057176,1205650459,1205650459,1.45359E+18,,,,,,,,,,
The Tie That Binds,9/8/1995,Thriller/Suspense,R,11167895,5762795,0,0,0,0,0,0,0,1,0,0,0,0,0,0,0,1,0,34950,1220523900,1214761105,1214761105,1.47564E+18,,,,,,,,,,
Unstrung Heroes,9/15/1995,Drama,PG,15365850,7929000,0,0,1,0,0,0,0,0,0,0,0,0,1,0,0,0,0,34957,1220768354,1212839354,1212839354,1.47098E+18,,,,,,,,,,
The Big Green,9/29/1995,Comedy,PG,34372339,17736619,0,0,0,0,1,0,0,0,0,0,0,0,1,0,0,0,0,34971,1222236450,1204499831,1204499831,1.45082E+18,,,,,,,,,,
Dead Presidents,10/4/1995,Drama,R,46741467,24120194,0,0,1,0,0,0,0,0,0,0,0,0,0,0,0,1,0,34976,1222656032,1198535838,1198535838,1.43649E+18,,,,,,,,,,
The Scarlet Letter,10/13/1995,Drama,R,20075033,10359006,0,0,1,0,0,0,0,0,0,0,0,0,0,0,0,1,0,34985,1223460435,1213101429,1213101429,1.47162E+18,,,,,,,,,,
Feast of July,10/13/1995,Drama,R,568342,293274,0,0,1,0,0,0,0,0,0,0,0,0,0,0,0,1,0,34985,1223635360,1223342086,1223342086,1.49657E+18,,,,,,,,,,
Powder,10/27/1995,Drama,PG-13,59727216,30833914,0,0,1,0,0,0,0,0,0,0,0,0,0,1,0,0,0,34999,1224440015,1193606101,1193606101,1.4247E+18,,,,,,,,,,
Toy Story,11/22/1995,Adventure,G,370409631,191796233,0,1,0,0,0,0,0,0,0,0,0,0,0,0,1,0,0,35025,1225349625,1033553392,1033553392,1.06823E+18,,,,,,,,,,
Father of the Bride Part II,12/8/1995,Comedy,PG,147658438,76578911,0,0,0,0,1,0,0,0,0,0,0,0,1,0,0,0,0,35041,1226399959,1149821048,1149821048,1.32209E+18,,,,,,,,,,
Nixon,12/20/1995,Drama,R,26302005,13668249,0,0,1,0,0,0,0,0,0,0,0,0,0,0,0,1,0,35053,1227731325,1214063076,1214063076,1.47395E+18,,,,,,,,,,
Tom and Huck,12/22/1995,Adventure,PG,45911517,23837227,0,1,0,0,0,0,0,0,0,0,0,0,1,0,0,0,0,35055,1228362255,1204525028,1204525028,1.45088E+18,,,,,,,,,,
Mr. Holland's Opus,12/29/1995,Drama,PG,157508868,82582604,0,0,1,0,0,0,0,0,0,0,0,0,1,0,0,0,0,35062,1229028286,1146445682,1146445682,1.31434E+18,,,,,,,,,,
White Squall,2/2/1996,Adventure,PG-13,19509726,10229300,0,1,0,0,0,0,0,0,0,0,0,0,0,1,0,0,0,35097,1230325335,1220096035,1220096035,1.48863E+18,,,,,,,,,,
Muppet Treasure Island,2/16/1996,Adventure,G,65470567,34327391,0,1,0,0,0,0,0,0,0,0,0,0,0,0,1,0,0,35111,1231061882,1196734491,1196734491,1.43217E+18,,,,,,,,,,
Mr. Wrong,2/16/1996,Romantic Comedy,PG-13,24422334,12805071,0,0,0,0,0,0,1,0,0,0,0,0,0,1,0,0,0,35111,1232290767,1219485696,1219485696,1.48715E+18,,,,,,,,,,
Before and After,2/23/1996,Drama,PG-13,16482589,8642118,0,0,1,0,0,0,0,0,0,0,0,0,0,1,0,0,0,35118,1233028098,1224385980,1224385980,1.49912E+18,,,,,,,,,,
Up Close & Personal,3/1/1996,Drama,PG-13,97356578,51045801,0,0,1,0,0,0,0,0,0,0,0,0,0,1,0,0,0,35125,1233273875,1182228074,1182228074,1.39766E+18,,,,,,,,,,
Homeward Bound II: Lost in San Franc…,3/8/1996,Adventure,G,62384706,32709423,0,1,0,0,0,0,0,0,0,0,0,0,0,0,1,0,0,35132,1233765576,1201056153,1201056153,1.44254E+18,,,,,,,,,,
Two Much,3/15/1996,Romantic Comedy,PG-13,2057055,1078555,0,0,0,0,0,0,1,0,0,0,0,0,0,1,0,0,0,35139,1234257375,1233178820,1233178820,1.52073E+18,,,,,,,,,,
Un indien dans la ville,3/22/1996,Comedy,PG,1963937,1029731,0,0,0,0,1,0,0,0,0,0,0,0,1,0,0,0,0,35146,1234749272,1233719541,1233719541,1.52206E+18,,,,,,,,,,
James and the Giant Peach,4/12/1996,Adventure,PG,55159783,28921264,0,1,0,0,0,0,0,0,0,0,0,0,1,0,0,0,0,35167,1235733213,1206811949,1206811949,1.4564E+18,,,,,,,,,,
Celtic Pride,4/19/1996,Comedy,PG-13,17623615,9240378,0,0,0,0,1,0,0,0,0,0,0,0,0,1,0,0,0,35174,1236225404,1226985026,1226985026,1.50549E+18,,,,,,,,,,
Last Dance,5/3/1996,Drama,R,11171714,5857534,0,0,1,0,0,0,0,0,0,0,0,0,0,0,0,1,0,35188,1237456396,1231598862,1231598862,1.51684E+18,,,,,,,,,,
Boys,5/10/1996,Drama,PG-13,41826566,21930418,0,0,1,0,0,0,0,0,0,0,0,0,0,1,0,0,0,35195,1237948930,1216018512,1216018512,1.4787E+18,,,,,,,,,,
Spy Hard,5/24/1996,Comedy,PG-13,51373912,26936265,0,0,0,0,1,0,0,0,0,0,0,0,0,1,0,0,0,35209,1238934292,1211998027,1211998027,1.46894E+18,,,,,,,,,,
Eddie,5/31/1996,Comedy,PG-13,59828966,31369401,0,0,0,0,1,0,0,0,0,0,0,0,0,1,0,0,0,35216,1239427120,1208057719,1208057719,1.4594E+18,,,,,,,,,,
The Rock,6/7/1996,Action,R,255702705,134069511,0,0,0,1,0,0,0,0,0,0,0,0,0,0,0,1,0,35223,1240166607,1106097096,1106097096,1.22345E+18,,,,,,,,,,
The Hunchback of Notre Dame,6/21/1996,Adventure,G,190988799,100138851,0,1,0,0,0,0,0,0,0,0,0,0,0,0,1,0,0,35237,1240906192,1140767341,1140767341,1.30135E+18,,,,,,,,,,
Phenomenon,7/5/1996,Drama,PG,199559799,104636382,0,0,1,0,0,0,0,0,0,0,0,0,1,0,0,0,0,35251,1241645973,1137009591,1137009591,1.29279E+18,,,,,,,,,,
Kazaam,7/17/1996,Comedy,PG,36009655,18880508,0,0,0,0,1,0,0,0,0,0,0,0,1,0,0,0,0,35263,1242562331,1223681823,1223681823,1.4974E+18,,,,,,,,,,
Jack,8/9/1996,Drama,PG-13,111792852,58617334,0,0,1,0,0,0,0,0,0,0,0,0,0,1,0,0,0,35286,1243866786,1185249452,1185249452,1.40482E+18,,,,,,,,,,
First Kid,8/30/1996,Comedy,PG,50465108,26465920,0,0,0,0,1,0,0,0,0,0,0,0,1,0,0,0,0,35307,1245030741,1218564821,1218564821,1.4849E+18,,,,,,,,,,
The Rich Man's Wife,9/13/1996,Thriller/Suspense,R,16284619,8538318,0,0,0,0,0,0,0,1,0,0,0,0,0,0,0,1,0,35321,1246336806,1237798488,1237798488,1.53215E+18,,,,,,,,,,
D3: The Mighty Ducks,10/4/1996,Comedy,PG,43713554,22936273,0,0,0,0,1,0,0,0,0,0,0,0,1,0,0,0,0,35342,1247819994,1224883721,1224883721,1.50034E+18,,,,,,,,,,
The Associate,10/25/1996,Comedy,PG-13,24333094,12772657,0,0,0,0,1,0,0,0,0,0,0,0,0,1,0,0,0,35363,1249056523,1236283866,1236283866,1.5284E+18,,,,,,,,,,
Ransom,11/8/1996,Action,R,259807820,136492681,0,0,0,1,0,0,0,0,0,0,0,0,0,0,0,1,0,35377,1250293934,1113801253,1113801253,1.24055E+18,,,,,,,,,,
The War at Home,11/20/1996,,R,65543,34368,0,0,0,0,0,0,0,0,0,0,0,0,0,0,0,1,0,35389,1251461207,1251426839,1251426839,1.56607E+18,,,,,,,,,,
101 Dalmatians,11/27/1996,Comedy,G,258728898,136189294,0,0,0,0,1,0,0,0,0,0,0,0,0,0,1,0,0,35396,1252204292,1116014998,1116014998,1.24549E+18,,,,,,,,,,
The Preacher's Wife,12/13/1996,Drama,PG,91076877,48102795,0,0,1,0,0,0,0,0,0,0,0,0,1,0,0,0,0,35412,1253195268,1205092473,1205092473,1.45225E+18,,,,,,,,,,
Evita,12/25/1996,Musical,PG,92077628,50047179,1,0,0,0,0,0,0,0,0,0,0,0,1,0,0,0,0,35424,1253867904,1203820725,1203820725,1.44918E+18,,,,,,,,,,
Metro,1/17/1997,Action,R,58804106,32017895,0,0,0,1,0,0,0,0,0,0,0,0,0,0,0,1,0,35447,1255249164,1223231269,1223231269,1.49629E+18,,,,,,,,,,
Prefontaine,1/24/1997,Drama,PG-13,1085093,590817,0,0,1,0,0,0,0,0,0,0,0,0,0,1,0,0,0,35454,1255922496,1255331679,1255331679,1.57586E+18,,,,,,,,,,
Shadow Conspiracy,1/31/1997,Thriller/Suspense,R,3957025,2154540,0,0,0,0,0,0,0,1,0,0,0,0,0,0,0,1,0,35461,1256986067,1254831527,1254831527,1.5746E+18,,,,,,,,,,
That Darn Cat,2/14/1997,Comedy,PG,33613158,18301828,0,0,0,0,1,0,0,0,0,0,0,0,1,0,0,0,0,35475,1257730650,1239428822,1239428822,1.53618E+18,,,,,,,,,,
Jungle 2 Jungle,3/7/1997,Comedy,PG,110058379,59925026,0,0,0,0,1,0,0,0,0,0,0,0,1,0,0,0,0,35496,1258723656,1198798630,1198798630,1.43712E+18,,,,,,,,,,
The Sixth Man,3/28/1997,Comedy,PG-13,27117599,14765099,0,0,0,0,1,0,0,0,0,0,0,0,0,1,0,0,0,35517,1259965575,1245200476,1245200476,1.55052E+18,,,,,,,,,,
Grosse Pointe Blank,4/11/1997,Black Comedy,R,51579764,28084357,0,0,0,0,0,0,0,0,0,1,0,0,0,0,0,1,0,35531,1261208376,1233124019,1233124019,1.52059E+18,,,,,,,,,,
Romy and Michele's High School Reunion,4/25/1997,Comedy,R,53693680,29235353,0,0,0,0,1,0,0,0,0,0,0,0,0,0,0,1,0,35545,1262451765,1233216412,1233216412,1.52082E+18,,,,,,,,,,
Gone Fishin',5/30/1997,Comedy,PG,36265379,19745922,0,0,0,0,1,0,0,0,0,0,0,0,1,0,0,0,0,35580,1264192980,1244447058,1244447058,1.54865E+18,,,,,,,,,,
Con Air,6/6/1997,Action,R,185712664,101117573,0,0,0,1,0,0,0,0,0,0,0,0,0,0,0,1,0,35587,1264939915,1163822342,1163822342,1.35448E+18,,,,,,,,,,
Hercules,6/13/1997,Adventure,G,182029412,99112101,0,1,0,0,0,0,0,0,0,0,0,0,0,0,1,0,0,35594,1266434520,1167322419,1167322419,1.36264E+18,,,,,,,,,,
George Of The Jungle,7/16/1997,Comedy,PG,193326632,105263257,0,0,0,0,1,0,0,0,0,0,0,0,1,0,0,0,0,35627,1267858049,1162594792,1162594792,1.35163E+18,,,,,,,,,,
Nothing To Lose,7/18/1997,Comedy,R,81692095,44480039,0,0,0,0,1,0,0,0,0,0,0,0,0,0,0,1,0,35629,1268178626,1223698587,1223698587,1.49744E+18,,,,,,,,,,
Air Bud,8/1/1997,Comedy,PG,45266588,24646936,0,0,0,0,1,0,0,0,0,0,0,0,1,0,0,0,0,35643,1269853161,1245206225,1245206225,1.55054E+18,,,,,,,,,,
G.I. Jane,8/22/1997,Drama,R,88467531,48169156,0,0,1,0,0,0,0,0,0,0,0,0,0,0,0,1,0,35664,1270672656,1222503500,1222503500,1.49451E+18,,,,,,,,,,
A Thousand Acres,9/19/1997,Drama,R,14561324,7928412,0,0,1,0,0,0,0,0,0,0,0,0,0,0,0,1,0,35692,1272169956,1264241544,1264241544,1.59831E+18,,,,,,,,,,
Washington Square,10/5/1997,Drama,PG,3257546,1775644,0,0,1,0,0,0,0,0,0,0,0,0,1,0,0,0,0,35708,1273490112,1271714468,1271714468,1.61726E+18,,,,,,,,,,
Rocket Man,10/10/1997,Comedy,PG,28371890,15448043,0,0,0,0,1,0,0,0,0,0,0,0,1,0,0,0,0,35713,1274668396,1259220353,1259220353,1.58564E+18,,,,,,,,,,
Playing God,10/17/1997,Thriller/Suspense,R,7652965,4166918,0,0,0,0,0,0,0,1,0,0,0,0,0,0,0,1,0,35720,1275489760,1271322842,1271322842,1.61626E+18,,,,,,,,,,
Flubber,11/26/1997,Comedy,PG,170406423,92993801,0,0,0,0,1,0,0,0,0,0,0,0,1,0,0,0,0,35760,1277096880,1184103079,1184103079,1.4021E+18,,,,,,,,,,
An American Werewolf in Paris,12/25/1997,Horror,R,48546161,26570463,0,0,0,0,0,1,0,0,0,0,0,0,0,0,0,1,0,35789,1278383080,1251812617,1251812617,1.56703E+18,,,,,,,,,,
Mr. Magoo,12/25/1997,Comedy,PG,39145784,21437192,0,0,0,0,1,0,0,0,0,0,0,0,1,0,0,0,0,35789,1279814640,1258377448,1258377448,1.58351E+18,,,,,,,,,,
Kundun,12/25/1997,Drama,PG-13,10236836,5686694,0,0,1,0,0,0,0,0,0,0,0,0,0,1,0,0,0,35789,1280852521,1275165827,1275165827,1.62605E+18,,,,,,,,,,
Deep Rising,1/30/1998,Action,R,20136775,11203026,0,0,0,1,0,0,0,0,0,0,0,0,0,0,0,1,0,35825,1282140925,1270937899,1270937899,1.61528E+18,,,,,,,,,,
Krippendorf's Tribe,2/27/1998,Comedy,PG-13,13608633,7571115,0,0,0,0,1,0,0,0,0,0,0,0,0,1,0,0,0,35853,1283143017,1275571902,1275571902,1.62708E+18,,,,,,,,,,
An Alan Smithee Film: Burn Hollywood …,2/27/1998,Comedy,R,82277,45779,0,0,0,0,1,0,0,0,0,0,0,0,0,0,0,1,0,35853,1284433725,1284387946,1284387946,1.64965E+18,,,,,,,,,,
Meet the Deedles,3/27/1998,Comedy,PG,7829877,4356126,0,0,0,0,1,0,0,0,0,0,0,0,1,0,0,0,0,35881,1286441493,1282085367,1282085367,1.64374E+18,,,,,,,,,,
He Got Game,5/1/1998,Drama,R,38766948,21567853,0,0,1,0,0,0,0,0,0,0,0,0,0,0,0,1,0,35916,1287696348,1266128495,1266128495,1.60308E+18,,,,,,,,,,
The Horse Whisperer,5/15/1998,Drama,PG-13,135497531,75383563,0,0,1,0,0,0,0,0,0,0,0,0,0,1,0,0,0,35930,1289204330,1213820767,1213820767,1.47336E+18,,,,,,,,,,
"Six Days, Seven Nights",6/12/1998,Romantic Comedy,PG-13,133620516,74339294,0,0,0,0,0,0,1,0,0,0,0,0,0,1,0,0,0,35958,1291467528,1217128234,1217128234,1.4814E+18,,,,,,,,,,
Mulan,6/19/1998,Adventure,G,216807832,120620254,0,1,0,0,0,0,0,0,0,0,0,0,0,0,1,0,0,35965,1292222450,1171602196,1171602196,1.37265E+18,,,,,,,,,,
Armageddon,7/1/1998,Adventure,PG-13,362324957,201578182,0,1,0,0,0,0,0,0,0,0,0,0,0,1,0,0,0,35977,1293660966,1092082784,1092082784,1.19264E+18,,,,,,,,,,
Jane Austen's Mafia,7/24/1998,Comedy,PG-13,35668055,19843795,0,0,0,0,1,0,0,0,0,0,0,0,0,1,0,0,0,36000,1294740000,1274896205,1274896205,1.62536E+18,,,,,,,,,,
The Parent Trap,7/29/1998,Comedy,PG,119185667,66308518,0,0,0,0,1,0,0,0,0,0,0,0,1,0,0,0,0,36005,1295351885,1229043367,1229043367,1.51055E+18,,,,,,,,,,
Firelight,9/4/1998,Drama,R,1409943,784419,0,0,1,0,0,0,0,0,0,0,0,0,0,0,0,1,0,36042,1297512000,1296727581,1296727581,1.6815E+18,,,,,,,,,,
Simon Birch,9/11/1998,Drama,PG,32809442,18253415,0,0,1,0,0,0,0,0,0,0,0,0,1,0,0,0,0,36049,1297944245,1279690830,1279690830,1.63761E+18,,,,,,,,,,
Holy Man,10/9/1998,Comedy,PG,21694605,12069719,0,0,0,0,1,0,0,0,0,0,0,0,1,0,0,0,0,36077,1300287234,1288217515,1288217515,1.6595E+18,,,,,,,,,,
Beloved,10/16/1998,Drama,R,41062682,22852487,0,0,1,0,0,0,0,0,0,0,0,0,0,0,0,1,0,36084,1300792116,1277939629,1277939629,1.63313E+18,,,,,,,,,,
The Waterboy,11/6/1998,Comedy,PG-13,288691833,161491646,0,0,0,0,1,0,0,0,0,0,0,0,0,1,0,0,0,36105,1302560085,1141068439,1141068439,1.30204E+18,,,,,,,,,,
I'll Be Home For Christmas,11/13/1998,Comedy,PG,21941840,12214338,0,0,0,0,1,0,0,0,0,0,0,0,1,0,0,0,0,36112,1303065408,1290851070,1290851070,1.6663E+18,,,,,,,,,,
A Bug's Life,11/20/1998,Adventure,G,288981698,162798565,0,1,0,0,0,0,0,0,0,0,0,0,0,0,1,0,0,36119,1304076495,1141277930,1141277930,1.30252E+18,,,,,,,,,,
Enemy of the State,11/20/1998,Action,R,198472008,111549836,0,0,0,1,0,0,0,0,0,0,0,0,0,0,0,1,0,36119,1304329328,1192779492,1192779492,1.42272E+18,,,,,,,,,,
Rushmore,12/11/1998,Black Comedy,R,28392518,17105219,0,0,0,0,0,0,0,0,0,1,0,0,0,0,0,1,0,36140,1305340660,1288235441,1288235441,1.65955E+18,,,,,,,,,,
A Civil Action,12/25/1998,Drama,PG-13,94139530,56709981,0,0,1,0,0,0,0,0,0,0,0,0,0,1,0,0,0,36154,1305846326,1249136345,1249136345,1.56034E+18,,,,,,,,,,
Mighty Joe Young,12/25/1998,Adventure,PG,87906042,50632037,0,1,0,0,0,0,0,0,0,0,0,0,1,0,0,0,0,36154,1306605560,1255973523,1255973523,1.57747E+18,,,,,,,,,,
My Favorite Martian,2/12/1999,Comedy,PG,61150849,36850101,0,0,0,0,1,0,0,0,0,0,0,0,1,0,0,0,0,36203,1308883262,1272033161,1272033161,1.61807E+18,,,,,,,,,,
The Other Sister,2/26/1999,Romantic Comedy,PG-13,46145331,27807627,0,0,0,0,0,0,1,0,0,0,0,0,0,1,0,0,0,36217,1309389418,1281581791,1281581791,1.64245E+18,,,,,,,,,,
Doug's 1st Movie,3/26/1999,Adventure,G,32228598,19421271,0,1,0,0,0,0,0,0,0,0,0,0,0,0,1,0,0,36245,1312177735,1292756464,1292756464,1.67122E+18,,,,,,,,,,
Ten Things I Hate About You,3/31/1999,Romantic Comedy,PG-13,63354375,38177966,0,0,0,0,0,0,1,0,0,0,0,0,0,1,0,0,0,36250,1312866250,1274688284,1274688284,1.62483E+18,,,,,,,,,,
Endurance,5/14/1999,,PG,380218,229128,0,0,0,0,0,0,0,0,0,0,0,0,1,0,0,0,0,36294,1315476030,1315246902,1315246902,1.72987E+18,,,,,,,,,,
Instinct,6/4/1999,Drama,R,56595842,34105207,0,0,1,0,0,0,0,0,0,0,0,0,0,0,0,1,0,36315,1316418750,1282313543,1282313543,1.64433E+18,,,,,,,,,,
Tarzan,6/16/1999,Adventure,G,283900254,171091819,0,1,0,0,0,0,0,0,0,0,0,0,0,0,1,0,0,36327,1318452138,1147360319,1147360319,1.31644E+18,,,,,,,,,,
Summer of Sam,7/2/1999,Drama,R,32007656,19288130,0,0,1,0,0,0,0,0,0,0,0,0,0,0,0,1,0,36343,1319796045,1300507915,1300507915,1.69132E+18,,,,,,,,,,
Inspector Gadget,7/23/1999,Comedy,PG,161610341,97387965,0,0,0,0,1,0,0,0,0,0,0,0,1,0,0,0,0,36364,1320995028,1223607063,1223607063,1.49721E+18,,,,,,,,,,
The Sixth Sense,8/6/1999,Thriller/Suspense,PG-13,485424724,293506292,0,0,0,0,0,0,0,1,0,0,0,0,0,1,0,0,0,36378,1322085654,1028579362,1028579362,1.05798E+18,,,,,,,,,,
The 13th Warrior,8/27/1999,Action,R,54262148,32698899,0,0,0,1,0,0,0,0,0,0,0,0,0,0,0,1,0,36399,1323613236,1290914337,1290914337,1.66646E+18,,,,,,,,,,
Breakfast of Champions,9/17/1999,Comedy,R,295851,178287,0,0,0,0,1,0,0,0,0,0,0,0,0,0,0,1,0,36420,1324886760,1324708473,1324708473,1.75485E+18,,,,,,,,,,
Mumford,9/24/1999,Comedy,R,7566363,4559569,0,0,0,0,1,0,0,0,0,0,0,0,0,0,0,1,0,36427,1325906373,1321346804,1321346804,1.74596E+18,,,,,,,,,,
"Mystery, Alaska",10/1/1999,Comedy,R,14755189,8891623,0,0,0,0,1,0,0,0,0,0,0,0,0,0,0,1,0,36434,1326926280,1318034657,1318034657,1.73722E+18,,,,,,,,,,
The Straight Story,10/15/1999,Drama,G,10111144,6197866,0,0,1,0,0,0,0,0,0,0,0,0,0,0,1,0,0,36448,1327691296,1321493430,1321493430,1.74634E+18,,,,,,,,,,
The Insider,11/5/1999,Drama,R,47794214,28965197,0,0,1,0,0,0,0,0,0,0,0,0,0,0,0,1,0,36469,1328711546,1299746349,1299746349,1.68934E+18,,,,,,,,,,
Toy Story 2,11/19/1999,Adventure,G,404450426,245852179,0,1,0,0,0,0,0,0,0,0,0,0,0,0,1,0,0,36483,1329732384,1083880205,1083880205,1.1748E+18,,,,,,,,,,
Cradle Will Rock,12/8/1999,Drama,R,4609153,2899970,0,0,1,0,0,0,0,0,0,0,0,0,0,0,0,1,0,36502,1331191438,1328291468,1328291468,1.76436E+18,,,,,,,,,,
Deuce Bigalow: Male Gigolo,12/10/1999,Comedy,R,106921374,65535067,0,0,0,0,1,0,0,0,0,0,0,0,0,0,0,1,0,36504,1331775432,1266240365,1266240365,1.60336E+18,,,,,,,,,,
Bicentennial Man,12/17/1999,Drama,PG,94838225,58220776,0,0,1,0,0,0,0,0,0,0,0,0,1,0,0,0,0,36511,1332724522,1274503746,1274503746,1.62436E+18,,,,,,,,,,
Play it to the Bone,12/24/1999,Comedy,R,13180524,8427204,0,0,0,0,1,0,0,0,0,0,0,0,0,0,0,1,0,36518,1333053072,1324625868,1324625868,1.75463E+18,,,,,,,,,,
Fantasia 2000 (IMAX),1/1/2000,Musical,G,94852354,60507228,1,0,0,0,0,0,0,0,0,0,0,0,0,0,1,0,0,36526,1333600786,1273093558,1273093558,1.62077E+18,,,,,,,,,,
Gun Shy,2/4/2000,Comedy,R,2562155,1638202,0,0,0,0,1,0,0,0,0,0,0,0,0,0,0,1,0,36560,1335098080,1333459878,1333459878,1.77812E+18,,,,,,,,,,
The Tigger Movie,2/11/2000,Adventure,G,71228678,45542421,0,1,0,0,0,0,0,0,0,0,0,0,0,0,1,0,0,36567,1335646242,1290103821,1290103821,1.66437E+18,,,,,,,,,,
Mission to Mars,3/10/2000,Adventure,PG,95208344,60874615,0,1,0,0,0,0,0,0,0,0,0,0,1,0,0,0,0,36595,1337913200,1277038585,1277038585,1.63083E+18,,,,,,,,,,
High Fidelity,3/31/2000,Comedy,R,42661516,27277055,0,0,0,0,1,0,0,0,0,0,0,0,0,0,0,1,0,36616,1338937272,1311660217,1311660217,1.72045E+18,,,,,,,,,,
Keeping the Faith,4/14/2000,Romantic Comedy,PG-13,57925202,37036404,0,0,0,0,0,0,1,0,0,0,0,0,0,1,0,0,0,36630,1340474850,1303438446,1303438446,1.69895E+18,,,,,,,,,,
Dinosaur,5/19/2000,Adventure,PG,215438985,137748063,0,1,0,0,0,0,0,0,0,0,0,0,1,0,0,0,0,36665,1342525640,1204777577,1204777577,1.45149E+18,,,,,,,,,,
Shanghai Noon,5/26/2000,Western,PG-13,89042541,56932305,0,0,0,0,0,0,0,0,1,0,0,0,0,1,0,0,0,36672,1343295360,1286363055,1286363055,1.65473E+18,,,,,,,,,,
Gone in 60 Seconds,6/9/2000,Action,PG-13,158970411,101643008,0,0,0,1,0,0,0,0,0,0,0,0,0,1,0,0,0,36686,1345092190,1243449182,1243449182,1.54617E+18,,,,,,,,,,
Fantasia 2000 (Theatrical Release),6/16/2000,Musical,G,14238144,9103630,1,0,0,0,0,0,0,0,0,0,0,0,0,0,1,0,0,36693,1345605696,1336502066,1336502066,1.78624E+18,,,,,,,,,,
The Kid,7/7/2000,Comedy,PG,108993148,69688384,0,0,0,0,1,0,0,0,0,0,0,0,1,0,0,0,0,36714,1346889804,1277201420,1277201420,1.63124E+18,,,,,,,,,,
Coyote Ugly,8/4/2000,Drama,PG-13,95070168,60786269,0,0,1,0,0,0,0,0,0,0,0,0,0,1,0,0,0,36742,1348174206,1287387937,1287387937,1.65737E+18,,,,,,,,,,
The Crew,8/25/2000,Comedy,PG-13,20362201,13019253,0,0,0,0,1,0,0,0,0,0,0,0,0,1,0,0,0,36763,1349716782,1336697529,1336697529,1.78676E+18,,,,,,,,,,
Duets,9/15/2000,Drama,R,7404372,4734235,0,0,1,0,0,0,0,0,0,0,0,0,0,0,0,1,0,36784,1351517728,1346783493,1346783493,1.81383E+18,,,,,,,,,,
Remember the Titans,9/29/2000,Drama,PG,180742479,115654751,0,0,1,0,0,0,0,0,0,0,0,0,1,0,0,0,0,36798,1352804874,1237150123,1237150123,1.53054E+18,,,,,,,,,,
Unbreakable,11/22/2000,Thriller/Suspense,PG-13,148208901,94999143,0,0,0,0,0,0,0,1,0,0,0,0,0,1,0,0,0,36852,1355563968,1260564825,1260564825,1.58902E+18,,,,,,,,,,
102 Dalmatians,11/22/2000,Comedy,G,104055039,66941559,0,0,0,0,1,0,0,0,0,0,0,0,0,0,1,0,0,36852,1356079896,1289138337,1289138337,1.66188E+18,,,,,,,,,,
The Emperor's New Groove,12/15/2000,Adventure,G,136789252,89296573,0,1,0,0,0,0,0,0,0,0,0,0,0,0,1,0,0,36875,1358917500,1269620927,1269620927,1.61194E+18,,,,,,,,,,
"O Brother, Where Art Thou?",12/22/2000,Comedy,PG-13,67922002,45506619,0,0,0,0,1,0,0,0,0,0,0,0,0,1,0,0,0,36882,1359175464,1313668845,1313668845,1.72573E+18,,,,,,,,,,
Double Take,1/12/2001,Action,PG-13,44418589,29823162,0,0,0,1,0,0,0,0,0,0,0,0,0,1,0,0,0,36903,1360798125,1330974963,1330974963,1.77149E+18,,,,,,,,,,
Recess: School's Out,2/16/2001,Comedy,G,54656124,36696761,0,0,0,0,1,0,0,0,0,0,0,0,0,0,1,0,0,36938,1362347316,1325650555,1325650555,1.75735E+18,,,,,,,,,,
Just Visiting,4/6/2001,Comedy,PG-13,7114869,4777007,0,0,0,0,1,0,0,0,0,0,0,0,0,1,0,0,0,36987,1364931261,1360154254,1360154254,1.85002E+18,,,,,,,,,,
Pearl Harbor,5/25/2001,Action,PG-13,295705112,198539855,0,0,0,1,0,0,0,0,0,0,0,0,0,1,0,0,0,37036,1368035768,1169495913,1169495913,1.36772E+18,,,,,,,,,,
Atlantis: The Lost Empire,6/8/2001,Adventure,PG,125188122,84052762,0,1,0,0,0,0,0,0,0,0,0,0,1,0,0,0,0,37050,1370368350,1286315588,1286315588,1.65461E+18,,,,,,,,,,
crazy/beautiful,6/29/2001,Drama,PG-13,25214223,16929123,0,0,1,0,0,0,0,0,0,0,0,0,0,1,0,0,0,37071,1372961556,1356032433,1356032433,1.83882E+18,,,,,,,,,,
The Princess Diaries,8/3/2001,Comedy,G,161218928,108244774,0,0,0,0,1,0,0,0,0,0,0,0,0,0,1,0,0,37106,1374777300,1266532526,1266532526,1.6041E+18,,,,,,,,,,
Bubble Boy,8/24/2001,Comedy,PG-13,7450434,5002310,0,0,0,0,1,0,0,0,0,0,0,0,0,1,0,0,0,37127,1376335017,1371332707,1371332707,1.88055E+18,,,,,,,,,,
Max Keeble's Big Move,10/5/2001,Comedy,PG,25749730,17292381,0,0,0,0,1,0,0,0,0,0,0,0,1,0,0,0,0,37169,1379192914,1361900533,1361900533,1.85477E+18,,,,,,,,,,
Corky Romano,10/12/2001,Comedy,PG-13,35705805,23978402,0,0,0,0,1,0,0,0,0,0,0,0,0,1,0,0,0,37176,1380233352,1356254950,1356254950,1.83943E+18,,,,,,,,,,
High Heels and Low Lifes,10/26/2001,,R,337782,226792,0,0,0,0,0,0,0,0,0,0,0,0,0,0,0,1,0,37190,1382315110,1382088318,1382088318,1.91017E+18,,,,,,,,,,
"Monsters, Inc.",11/2/2001,Adventure,G,416073179,289423425,0,1,0,0,0,0,0,0,0,0,0,0,0,0,1,0,0,37197,1382835672,1093412247,1093412247,1.19555E+18,,,,,,,,,,
Out Cold,11/21/2001,Comedy,PG-13,20700691,13906394,0,0,0,0,1,0,0,0,0,0,0,0,0,1,0,0,0,37216,1384063040,1370156646,1370156646,1.87733E+18,,,,,,,,,,
The Royal Tenenbaums,12/14/2001,Black Comedy,R,76758193,52353636,0,0,0,0,0,0,0,0,0,1,0,0,0,0,0,1,0,37239,1385179083,1332825447,1332825447,1.77642E+18,,,,,,,,,,
Beauty and the Beast (IMAX),1/1/2002,Musical,G,36980311,25487028,1,0,0,0,0,0,0,0,0,0,0,0,0,0,1,0,0,37257,1386556512,1361069484,1361069484,1.85251E+18,,,,,,,,,,
Frank McKlusky C.I.,1/1/2002,,Empty,0,0,0,0,0,0,0,0,0,0,0,0,0,0,0,0,0,0,1,37257,1387413423,1387413423,1387413423,1.92492E+18,,,,,,,,,,
Snow Dogs,1/18/2002,Comedy,PG,117745317,81150692,0,0,0,0,1,0,0,0,0,0,0,0,1,0,0,0,0,37274,1388717418,1307566726,1307566726,1.70973E+18,,,,,,,,,,
The Count of Monte Cristo,1/25/2002,Drama,PG-13,78682079,54228104,0,0,1,0,0,0,0,0,0,0,0,0,0,1,0,0,0,37281,1388978217,1334750113,1334750113,1.78156E+18,,,,,,,,,,
Peter Pan: Return to Neverland,2/15/2002,Adventure,G,70269715,48430258,0,1,0,0,0,0,0,0,0,0,0,0,0,0,1,0,0,37302,1390394748,1341964490,1341964490,1.80087E+18,,,,,,,,,,
Reign of Fire,2/19/2002,Action,PG-13,62480631,43061982,0,0,0,1,0,0,0,0,0,0,0,0,0,1,0,0,0,37306,1390804986,1347743004,1347743004,1.81641E+18,,,,,,,,,,
Sorority Boys,3/22/2002,Comedy,R,14797862,10198766,0,0,0,0,1,0,0,0,0,0,0,0,0,0,0,1,0,37337,1392744774,1382546008,1382546008,1.91143E+18,,,,,,,,,,
The Rookie,3/29/2002,Drama,G,109691666,75600072,0,0,1,0,0,0,0,0,0,0,0,0,0,0,1,0,0,37344,1393155264,1317555192,1317555192,1.73595E+18,,,,,,,,,,
Big Trouble,4/5/2002,Comedy,PG-13,10537188,7262288,0,0,0,0,1,0,0,0,0,0,0,0,0,1,0,0,0,37351,1394574287,1387311999,1387311999,1.92463E+18,,,,,,,,,,
ESPN's Ultimate X - The Movie,5/10/2002,Documentary,PG,6089874,4197175,0,0,0,0,0,0,0,0,0,0,1,0,1,0,0,0,0,37386,1396142784,1391945609,1391945609,1.93751E+18,,,,,,,,,,
Bad Company,6/7/2002,Action,PG-13,43756218,30157016,0,0,0,1,0,0,0,0,0,0,0,0,0,1,0,0,0,37414,1397450314,1367293298,1367293298,1.86949E+18,,,,,,,,,,
Lilo & Stitch,6/21/2002,Adventure,PG,211506702,145771527,0,1,0,0,0,0,0,0,0,0,0,0,1,0,0,0,0,37428,1399283208,1253511681,1253511681,1.57129E+18,,,,,,,,,,
The Country Bears,7/26/2002,Adventure,G,24650121,16988996,0,1,0,0,0,0,0,0,0,0,0,0,0,0,1,0,0,37463,1401640682,1384651686,1384651686,1.91726E+18,,,,,,,,,,
Signs,8/2/2002,Thriller/Suspense,PG-13,330754439,227965690,0,0,0,0,0,0,0,1,0,0,0,0,0,1,0,0,0,37470,1402427160,1174461470,1174461470,1.37936E+18,,,,,,,,,,
Sen to Chihiro no Kamikakushi,9/20/2002,Adventure,PG,14338992,10049886,0,1,0,0,0,0,0,0,0,0,0,0,1,0,0,0,0,37519,1405574297,1395524411,1395524411,1.94749E+18,,,,,,,,,,
Sweet Home Alabama,9/27/2002,Comedy,PG-13,184521151,127214072,0,0,0,0,1,0,0,0,0,0,0,0,0,1,0,0,0,37526,1406099220,1278885148,1278885148,1.63555E+18,,,,,,,,,,
Moonlight Mile,9/27/2002,Drama,PG-13,9909094,6830957,0,0,1,0,0,0,0,0,0,0,0,0,0,1,0,0,0,37526,1407937994,1401107037,1401107037,1.9631E+18,,,,,,,,,,
Tuck Everlasting,10/11/2002,Drama,PG,27789959,19161999,0,0,1,0,0,0,0,0,0,0,0,0,1,0,0,0,0,37540,1408726040,1389564041,1389564041,1.93089E+18,,,,,,,,,,
The Santa Clause 2,11/1/2002,Comedy,G,201959095,139225854,0,0,0,0,1,0,0,0,0,0,0,0,0,0,1,0,0,37561,1409514086,1270288232,1270288232,1.61363E+18,,,,,,,,,,
Treasure Planet,11/27/2002,Adventure,PG,55189145,38120554,0,1,0,0,0,0,0,0,0,0,0,0,1,0,0,0,0,37587,1411015980,1372895426,1372895426,1.88484E+18,,,,,,,,,,
The Hot Chick,12/13/2002,Comedy,PG-13,50624654,35081550,0,0,0,0,1,0,0,0,0,0,0,0,0,1,0,0,0,37603,1412406283,1377324733,1377324733,1.89702E+18,,,,,,,,,,
25th Hour,12/19/2002,Drama,R,18325463,13084595,0,0,1,0,0,0,0,0,0,0,0,0,0,0,0,1,0,37609,1413609483,1400524888,1400524888,1.96147E+18,,,,,,,,,,
The Recruit,1/31/2003,Thriller/Suspense,PG-13,73793522,52784696,0,0,0,0,0,0,0,1,0,0,0,0,0,1,0,0,0,37652,1415828156,1363043460,1363043460,1.85789E+18,,,,,,,,,,
Shanghai Knights,2/7/2003,Adventure,PG-13,84537962,60470220,0,1,0,0,0,0,0,0,0,0,0,0,0,1,0,0,0,37659,1416317331,1355847111,1355847111,1.83832E+18,,,,,,,,,,
The Jungle Book 2,2/14/2003,Adventure,G,66966883,47901582,0,1,0,0,0,0,0,0,0,0,0,0,0,0,1,0,0,37666,1418200232,1370298650,1370298650,1.87772E+18,,,,,,,,,,
Bringing Down the House,3/7/2003,Comedy,PG-13,185481530,132675402,0,0,0,0,1,0,0,0,0,0,0,0,0,1,0,0,0,37687,1419254733,1286579331,1286579331,1.65529E+18,,,,,,,,,,
Piglet's Big Movie,3/21/2003,Comedy,G,32298812,23103423,0,0,0,0,1,0,0,0,0,0,0,0,0,0,1,0,0,37701,1420045866,1396942443,1396942443,1.95145E+18,,,,,,,,,,
Ghosts of the Abyss,4/11/2003,Documentary,G,23803108,17093668,0,0,0,0,0,0,0,0,0,0,1,0,0,0,1,0,0,37722,1421629014,1404535346,1404535346,1.97272E+18,,,,,,,,,,
Holes,4/18/2003,Drama,PG,94203395,67383924,0,0,1,0,0,0,0,0,0,0,0,0,1,0,0,0,0,37729,1422421029,1355037105,1355037105,1.83613E+18,,,,,,,,,,
The Lizzie McGuire Movie,5/2/2003,Comedy,PG,59743191,42734455,0,0,0,0,1,0,0,0,0,0,0,0,1,0,0,0,0,37743,1423741446,1381006991,1381006991,1.90718E+18,,,,,,,,,,
Finding Nemo,5/30/2003,Adventure,G,518148559,380529370,0,1,0,0,0,0,0,0,0,0,0,0,0,0,1,0,0,37771,1425062059,1044532689,1044532689,1.09105E+18,,,,,,,,,,
Pirates of the Caribbean: The Curse o…,7/9/2003,Adventure,PG-13,426967926,305411224,0,1,0,0,0,0,0,0,0,0,0,0,0,1,0,0,0,37811,1427100573,1121689349,1121689349,1.25819E+18,,,,,,,,,,
Freaky Friday,8/6/2003,Comedy,PG,154090360,110222438,0,0,0,0,1,0,0,0,0,0,0,0,1,0,0,0,0,37839,1429216869,1318994431,1318994431,1.73975E+18,,,,,,,,,,
Open Range,8/15/2003,Western,R,81547672,58331254,0,0,0,0,0,0,0,0,1,0,0,0,0,0,0,1,0,37848,1431070728,1372739474,1372739474,1.88441E+18,,,,,,,,,,
Cold Creek Manor,9/19/2003,Thriller/Suspense,R,29895090,21384035,0,0,0,0,0,0,0,1,0,0,0,0,0,0,0,1,0,37883,1433454837,1412070802,1412070802,1.99394E+18,,,,,,,,,,
Under the Tuscan Sun,9/26/2003,Comedy,PG-13,60944053,43601508,0,0,0,0,1,0,0,0,0,0,0,0,0,1,0,0,0,37890,1434060720,1390459212,1390459212,1.93338E+18,,,,,,,,,,
Veronica Guerin,10/17/2003,Drama,R,2194759,1569918,0,0,1,0,0,0,0,0,0,0,0,0,0,0,0,1,0,37911,1436182413,1434612495,1434612495,2.05811E+18,,,,,,,,,,
Brother Bear,10/24/2003,Adventure,G,119218333,85336277,0,1,0,0,0,0,0,0,0,0,0,0,0,0,1,0,0,37918,1436713020,1351376743,1351376743,1.82622E+18,,,,,,,,,,
The Haunted Mansion,11/26/2003,Comedy,PG,105775678,75817994,0,0,0,0,1,0,0,0,0,0,0,0,1,0,0,0,0,37951,1438760361,1362942367,1362942367,1.85761E+18,,,,,,,,,,
Calendar Girls,12/19/2003,Comedy,PG-13,42379650,31011616,0,0,0,0,1,0,0,0,0,0,0,0,0,1,0,0,0,37974,1439898132,1408886516,1408886516,1.98496E+18,,,,,,,,,,
Young Black Stallion,12/25/2003,Adventure,G,9254344,6751389,0,1,0,0,0,0,0,0,0,0,0,0,0,0,1,0,0,37980,1441378980,1434627591,1434627591,2.05816E+18,,,,,,,,,,
Teacher's Pet: The Movie,1/16/2004,Comedy,PG,8812764,6491969,0,0,0,0,1,0,0,0,0,0,0,0,1,0,0,0,0,38002,1443087948,1436595979,1436595979,2.06381E+18,,,,,,,,,,
Miracle,2/6/2004,Drama,PG,87392478,64378093,0,0,1,0,0,0,0,0,0,0,0,0,1,0,0,0,0,38023,1444113540,1379735447,1379735447,1.90367E+18,,,,,,,,,,
Confessions of a Teenage Drama Queen,2/20/2004,Comedy,PG,39816568,29331068,0,0,0,0,1,0,0,0,0,0,0,0,1,0,0,0,0,38037,1445482074,1416151006,1416151006,2.00548E+18,,,,,,,,,,
Hidalgo,3/5/2004,Western,PG-13,91340921,67286731,0,0,0,0,0,0,0,0,1,0,0,0,0,1,0,0,0,38051,1446813173,1379526442,1379526442,1.90309E+18,,,,,,,,,,
The Ladykillers,3/26/2004,Comedy,R,53881593,39692139,0,0,0,0,1,0,0,0,0,0,0,0,0,0,0,1,0,38072,1448144664,1408452525,1408452525,1.98374E+18,,,,,,,,,,
Home on the Range,4/2/2004,Comedy,PG,67910166,50026353,0,0,0,0,1,0,0,0,0,0,0,0,1,0,0,0,0,38079,1448944029,1398917676,1398917676,1.95697E+18,,,,,,,,,,
The Alamo,4/9/2004,Western,PG-13,30416359,22406362,0,0,0,0,0,0,0,0,1,0,0,0,0,1,0,0,0,38086,1450010192,1427603830,1427603830,2.03805E+18,,,,,,,,,,
Raising Helen,5/28/2004,Comedy,PG-13,50886144,37485528,0,0,0,0,1,0,0,0,0,0,0,0,0,1,0,0,0,38135,1452142665,1414657137,1414657137,2.00125E+18,,,,,,,,,,
Around the World in 80 Days,6/16/2004,Adventure,PG,32585356,24004159,0,1,0,0,0,0,0,0,0,0,0,0,1,0,0,0,0,38154,1453133244,1429129085,1429129085,2.04241E+18,,,,,,,,,,
America's Heart and Soul,7/2/2004,Documentary,Not Rated,426246,314000,0,0,0,0,0,0,0,0,0,0,1,0,0,0,0,0,0,38170,1455612950,1455298950,1455298950,2.1179E+18,,,,,,,,,,
King Arthur,7/7/2004,Adventure,PG-13,70423706,51877963,0,1,0,0,0,0,0,0,0,0,0,0,0,1,0,0,0,38175,1456528950,1404650987,1404650987,1.97304E+18,,,,,,,,,,
The Village,7/30/2004,Thriller/Suspense,PG-13,155021748,114197520,0,0,0,0,0,0,0,1,0,0,0,0,0,1,0,0,0,38198,1458017660,1343820140,1343820140,1.80585E+18,,,,,,,,,,
The Princess Diaries 2: Royal Engagement,8/11/2004,Romantic Comedy,G,129164207,95149435,0,0,0,0,0,0,1,0,0,0,0,0,0,0,1,0,0,38210,1458666750,1363517315,1363517315,1.85918E+18,,,,,,,,,,
Mr. 3000,9/17/2004,Comedy,PG-13,29593641,21800302,0,0,0,0,1,0,0,0,0,0,0,0,0,1,0,0,0,38247,1460958906,1439158604,1439158604,2.07118E+18,,,,,,,,,,
The Last Shot,9/24/2004,Comedy,R,629502,463730,0,0,0,0,1,0,0,0,0,0,0,0,0,0,0,1,0,38254,1461685340,1461221610,1461221610,2.13517E+18,,,,,,,,,,
Ladder 49,10/1/2004,Action,PG-13,101161045,74541707,0,0,0,1,0,0,0,0,0,0,0,0,0,1,0,0,0,38261,1463368467,1388826760,1388826760,1.92884E+18,,,,,,,,,,
The Incredibles,11/5/2004,Adventure,PG,354488708,261441092,0,1,0,0,0,0,0,0,0,0,0,0,1,0,0,0,0,38296,1464975184,1203534092,1203534092,1.44849E+18,,,,,,,,,,
National Treasure,11/19/2004,Adventure,PG,234069353,173005002,0,1,0,0,0,0,0,0,0,0,0,0,1,0,0,0,0,38310,1465778910,1292773908,1292773908,1.67126E+18,,,,,,,,,,
The Life Aquatic with Steve Zissou,12/10/2004,Comedy,R,32198655,24006726,0,0,0,0,1,0,0,0,0,0,0,0,0,0,0,1,0,38331,1467923976,1443917250,1443917250,2.0849E+18,,,,,,,,,,
Aliens of the Deep,1/28/2005,Documentary,G,11740942,8968684,0,0,0,0,0,0,0,0,0,0,1,0,0,0,1,0,0,38380,1470337800,1461369116,1461369116,2.1356E+18,,,,,,,,,,
Pooh's Heffalump Movie,2/11/2005,Adventure,G,23801835,18098433,0,1,0,0,0,0,0,0,0,0,0,0,0,0,1,0,0,38394,1471680414,1453581981,1453581981,2.1129E+18,,,,,,,,,,
The Pacifier,3/4/2005,Comedy,PG,148619029,113006880,0,0,0,0,1,0,0,0,0,0,0,0,1,0,0,0,0,38415,1474367700,1361360820,1361360820,1.8533E+18,,,,,,,,,,
Ice Princess,3/18/2005,Comedy,G,32064685,24381334,0,0,0,0,1,0,0,0,0,0,0,0,0,0,1,0,0,38429,1475443026,1451061692,1451061692,2.10558E+18,,,,,,,,,,
A Lot Like Love,4/22/2005,Comedy,PG-13,28716947,21835784,0,0,0,0,1,0,0,0,0,0,0,0,0,1,0,0,0,38464,1477594560,1455758776,1455758776,2.11923E+18,,,,,,,,,,
The Hitchhiker's Guide to the Galaxy,4/29/2005,Comedy,PG,67096891,51019112,0,0,0,0,1,0,0,0,0,0,0,0,1,0,0,0,0,38471,1478402059,1427382947,1427382947,2.03742E+18,,,,,,,,,,
Hauru no ugoku shiro,6/10/2005,Adventure,PG,6194870,4710455,0,1,0,0,0,0,0,0,0,0,0,0,1,0,0,0,0,38513,1481364032,1476653577,1476653577,2.18051E+18,,,,,,,,,,
Herbie: Fully Loaded,6/22/2005,Comedy,G,86812798,66010682,0,0,0,0,1,0,0,0,0,0,0,0,0,0,1,0,0,38525,1482095275,1416084593,1416084593,2.0053E+18,,,,,,,,,,
Dark Water,7/8/2005,Thriller/Suspense,PG-13,33500491,25473093,0,0,0,0,0,0,0,1,0,0,0,0,0,1,0,0,0,38541,1484329533,1458856440,1458856440,2.12826E+18,,,,,,,,,,
Sky High,7/29/2005,Adventure,PG,84088854,63939454,0,1,0,0,0,0,0,0,0,0,0,0,1,0,0,0,0,38562,1485601050,1421661596,1421661596,2.02112E+18,,,,,,,,,,
Valiant,8/19/2005,Adventure,G,25616292,19478106,0,1,0,0,0,0,0,0,0,0,0,0,0,0,1,0,0,38583,1487027403,1467549297,1467549297,2.1537E+18,,,,,,,,,,
Flightplan,9/23/2005,Thriller/Suspense,PG-13,117960425,89706988,0,0,0,0,0,0,0,1,0,0,0,0,0,1,0,0,0,38618,1489187316,1399480328,1399480328,1.95855E+18,,,,,,,,,,
The Greatest Game Ever Played,9/30/2005,Drama,PG,20162672,15331289,0,0,1,0,0,0,0,0,0,0,0,0,1,0,0,0,0,38625,1490268375,1474937086,1474937086,2.17544E+18,,,,,,,,,,
Shopgirl,10/21/2005,Drama,R,13519621,10284523,0,0,1,0,0,0,0,0,0,0,0,0,0,0,0,1,0,38646,1492431228,1482146705,1482146705,2.19676E+18,,,,,,,,,,
Chicken Little,11/4/2005,Adventure,G,177954661,135386665,0,1,0,0,0,0,0,0,0,0,0,0,0,0,1,0,0,38660,1493242500,1357855835,1357855835,1.84377E+18,,,,,,,,,,
"The Chronicles of Narnia: The Lion, t…",12/9/2005,Adventure,PG,381557539,291710957,0,1,0,0,0,0,0,0,0,0,0,0,1,0,0,0,0,38695,1495406970,1203696013,1203696013,1.44888E+18,,,,,,,,,,
Casanova,12/25/2005,Drama,R,14574087,11304403,0,0,1,0,0,0,0,0,0,0,0,0,0,0,0,1,0,38711,1496567260,1485262857,1485262857,2.20601E+18,,,,,,,,,,
Glory Road,1/13/2006,Drama,PG,54888236,42647449,0,0,1,0,0,0,0,0,0,0,0,0,1,0,0,0,0,38730,1498657350,1456009901,1456009901,2.11996E+18,,,,,,,,,,
Annapolis,1/27/2006,Drama,PG-13,22044113,17127992,0,0,1,0,0,0,0,0,0,0,0,0,0,1,0,0,0,38744,1499818984,1482690992,1482690992,2.19837E+18,,,,,,,,,,
Roving Mars,1/27/2006,Documentary,G,12948025,10407978,0,0,0,0,0,0,0,0,0,0,1,0,0,0,1,0,0,38744,1500555120,1490147142,1490147142,2.22054E+18,,,,,,,,,,
Eight Below,2/17/2006,Adventure,PG,105037235,81612565,0,1,0,0,0,0,0,0,0,0,0,0,1,0,0,0,0,38765,1501911160,1420298595,1420298595,2.01725E+18,,,,,,,,,,
The Shaggy Dog,3/10/2006,Comedy,PG,78667428,61123569,0,0,0,0,1,0,0,0,0,0,0,0,1,0,0,0,0,38786,1502724784,1441601215,1441601215,2.07821E+18,,,,,,,,,,
Stay Alive,3/24/2006,Horror,PG-13,29712825,23086480,0,0,0,0,0,1,0,0,0,0,0,0,0,1,0,0,0,38800,1504082000,1480995520,1480995520,2.19335E+18,,,,,,,,,,
The Wild,4/14/2006,Adventure,G,48114115,37384046,0,1,0,0,0,0,0,0,0,0,0,0,0,0,1,0,0,38821,1505711306,1468327260,1468327260,2.15598E+18,,,,,,,,,,
Stick It,4/28/2006,Comedy,PG-13,34634731,26910736,0,0,0,0,1,0,0,0,0,0,0,0,0,1,0,0,0,38835,1506798000,1479887264,1479887264,2.19007E+18,,,,,,,,,,
Goal! The Dream Begins,5/12/2006,Drama,PG,5512647,4283255,0,0,1,0,0,0,0,0,0,0,0,0,1,0,0,0,0,38849,1508157029,1503873774,1503873774,2.26164E+18,,,,,,,,,,
Cars,6/9/2006,Comedy,G,314140384,244082982,0,0,0,0,1,0,0,0,0,0,0,0,0,0,1,0,0,38877,1509788295,1265705313,1265705313,1.60201E+18,,,,,,,,,,
Pirates of the Caribbean: Dead Man’…,7/7/2006,Adventure,PG-13,544817142,423315812,0,1,0,0,0,0,0,0,0,0,0,0,0,1,0,0,0,38905,1511420345,1088104533,1088104533,1.18397E+18,,,,,,,,,,
Step Up,8/11/2006,Drama,PG-13,84078780,65328121,0,0,1,0,0,0,0,0,0,0,0,0,0,1,0,0,0,38940,1513870380,1448542259,1448542259,2.09827E+18,,,,,,,,,,
Invincible,8/25/2006,Drama,PG,74398864,57806952,0,0,1,0,0,0,0,0,0,0,0,0,1,0,0,0,0,38954,1515505370,1457698418,1457698418,2.12488E+18,,,,,,,,,,
The Guardian,9/29/2006,Action,PG-13,70801353,55011732,0,0,0,1,0,0,0,0,0,0,0,0,0,1,0,0,0,38989,1518231660,1463219928,1463219928,2.14101E+18,,,,,,,,,,
The Prestige,10/20/2006,Thriller/Suspense,PG-13,68289913,53089891,0,0,0,0,0,0,0,1,0,0,0,0,0,1,0,0,0,39010,1519595540,1466505649,1466505649,2.15064E+18,,,,,,,,,,
Tim Burton's The Nightmare Before Chr…,10/20/2006,Musical,PG,30737517,24732041,1,0,0,0,0,0,0,0,0,0,0,0,1,0,0,0,0,39010,1520960890,1496228849,1496228849,2.2387E+18,,,,,,,,,,
The Santa Clause 3: The Escape Clause,11/3/2006,Comedy,G,108694869,84500122,0,0,0,0,1,0,0,0,0,0,0,0,0,0,1,0,0,39024,1522326240,1437826118,1437826118,2.06734E+18,,,,,,,,,,
Déjà Vu,11/22/2006,Thriller/Suspense,PG-13,82267038,64038616,0,0,0,0,0,0,0,1,0,0,0,0,0,1,0,0,0,39043,1523067430,1459028814,1459028814,2.12877E+18,,,,,,,,,,
Apocalypto,12/8/2006,Adventure,R,64959548,50866635,0,1,0,0,0,0,0,0,0,0,0,0,0,0,0,1,0,39059,1524238416,1473371781,1473371781,2.17082E+18,,,,,,,,,,
Primeval,1/12/2007,Adventure,R,12985302,10597734,0,1,0,0,0,0,0,0,0,0,0,0,0,0,0,1,0,39094,1526347042,1515749308,1515749308,2.2975E+18,,,,,,,,,,
Bridge to Terabithia,2/16/2007,Drama,PG,100760721,82234139,0,0,1,0,0,0,0,0,0,0,0,0,1,0,0,0,0,39129,1528339611,1446105472,1446105472,2.09122E+18,,,,,,,,,,
Wild Hogs,3/2/2007,Comedy,PG-13,206110533,168213584,0,0,0,0,1,0,0,0,0,0,0,0,0,1,0,0,0,39143,1530256442,1362042858,1362042858,1.85516E+18,,,,,,,,,,
Meet the Robinsons,3/30/2007,Adventure,G,119860589,97822171,0,1,0,0,0,0,0,0,0,0,0,0,0,0,1,0,0,39171,1532722059,1434899888,1434899888,2.05894E+18,,,,,,,,,,
The Lookout,3/30/2007,Drama,R,5637048,4600585,0,0,1,0,0,0,0,0,0,0,0,0,0,0,0,1,0,39171,1533270453,1528669868,1528669868,2.33683E+18,,,,,,,,,,
The Hoax,4/6/2007,Drama,R,8779196,7164995,0,0,1,0,0,0,0,0,0,0,0,0,0,0,0,1,0,39178,1534641438,1527476443,1527476443,2.33318E+18,,,,,,,,,,
The Invisible,4/27/2007,Thriller/Suspense,PG-13,25202168,20568319,0,0,0,0,0,0,0,1,0,0,0,0,0,1,0,0,0,39199,1535464029,1514895710,1514895710,2.29491E+18,,,,,,,,,,
Pirates of the Caribbean: At World’…,5/24/2007,Adventure,PG-13,379129960,309420425,0,1,0,0,0,0,0,0,0,0,0,0,0,1,0,0,0,39226,1536796228,1227375803,1227375803,1.50645E+18,,,,,,,,,,
Ratatouille,6/29/2007,Comedy,G,252955933,206445654,0,0,0,0,1,0,0,0,0,0,0,0,0,0,1,0,0,39262,1539031138,1332585484,1332585484,1.77578E+18,,,,,,,,,,
Underdog,8/3/2007,Adventure,PG,53619462,43760605,0,1,0,0,0,0,0,0,0,0,0,0,1,0,0,0,0,39297,1541464122,1497703517,1497703517,2.24312E+18,,,,,,,,,,
The Game Plan,9/22/2007,Comedy,PG,111010758,90648202,0,0,0,0,1,0,0,0,0,0,0,0,1,0,0,0,0,39347,1544841914,1454193712,1454193712,2.11468E+18,,,,,,,,,,
Dan in Real Life,10/20/2007,Romantic Comedy,PG-13,58350234,47642963,0,0,0,0,0,0,1,0,0,0,0,0,0,1,0,0,0,39375,1547319375,1499676412,1499676412,2.24903E+18,,,,,,,,,,
Enchanted,11/21/2007,Romantic Comedy,PG,156074310,127706877,0,0,0,0,0,0,1,0,0,0,0,0,1,0,0,0,0,39407,1550547229,1422840352,1422840352,2.02447E+18,,,,,,,,,,
National Treasure 2: Book of Secrets,12/21/2007,Adventure,PG,267003525,219961501,0,1,0,0,0,0,0,0,0,0,0,0,1,0,0,0,0,39437,1552831875,1332870374,1332870374,1.77654E+18,,,,,,,,,,
Hannah Montana/Miley Cyrus: Best of B…,2/1/2008,Concert/Performance,G,76646993,65281781,0,0,0,0,0,0,0,0,0,0,0,1,0,0,1,0,0,39479,1555748953,1490467172,1490467172,2.22149E+18,,,,,,,,,,
Step Up 2 the Streets,2/14/2008,Drama,PG-13,68118371,58017783,0,0,1,0,0,0,0,0,0,0,0,0,0,1,0,0,0,39492,1557446004,1499428221,1499428221,2.24828E+18,,,,,,,,,,
College Road Trip,3/7/2008,Comedy,G,53550960,45610425,0,0,0,0,1,0,0,0,0,0,0,0,0,0,1,0,0,39514,1559973206,1514362781,1514362781,2.29329E+18,,,,,,,,,,
The Chronicles of Narnia: Prince Caspian,5/16/2008,Adventure,PG,166277038,141621490,0,1,0,0,0,0,0,0,0,0,0,0,1,0,0,0,0,39584,1563251328,1421629838,1421629838,2.02103E+18,,,,,,,,,,
WALL-E,6/27/2008,Adventure,G,262771918,223808164,0,1,0,0,0,0,0,0,0,0,0,0,0,0,1,0,0,39626,1565781764,1341973600,1341973600,1.80089E+18,,,,,,,,,,
Swing Vote,8/1/2008,Comedy,PG-13,19125841,16289867,0,0,0,0,1,0,0,0,0,0,0,0,0,1,0,0,0,39661,1569941024,1553651157,1553651157,2.41383E+18,,,,,,,,,,
Goal! 2: Living the Dream...,8/29/2008,Drama,PG-13,264247,225067,0,0,1,0,0,0,0,0,0,0,0,0,0,1,0,0,0,39689,1572716314,1572491247,1572491247,2.47273E+18,,,,,,,,,,
Miracle at St. Anna,9/26/2008,Drama,R,9295171,7916887,0,0,1,0,0,0,0,0,0,0,0,0,0,0,0,1,0,39717,1575215937,1567299050,1567299050,2.45643E+18,,,,,,,,,,
Beverly Hills Chihuahua,10/3/2008,Comedy,PG,110932022,94514402,0,0,0,0,1,0,0,0,0,0,0,0,1,0,0,0,0,39724,1576605836,1482091434,1482091434,2.1966E+18,,,,,,,,,,
Morning Light,10/17/2008,Documentary,PG,322979,275093,0,0,0,0,0,0,0,0,0,0,1,0,1,0,0,0,0,39738,1578274146,1577999053,1577999053,2.49008E+18,,,,,,,,,,
High School Musical 3: Senior Year,10/24/2008,Musical,G,106308538,90559416,1,0,0,0,0,0,0,0,0,0,0,0,0,0,1,0,0,39745,1578830380,1488270964,1488270964,2.21495E+18,,,,,,,,,,
Bolt,11/21/2008,Comedy,PG,133702498,114053759,0,0,0,0,1,0,0,0,0,0,0,0,1,0,0,0,0,39773,1580499474,1466445715,1466445715,2.15046E+18,,,,,,,,,,
Bedtime Stories,12/25/2008,Comedy,PG,128039679,110101975,0,0,0,0,1,0,0,0,0,0,0,0,1,0,0,0,0,39807,1582129215,1472027240,1472027240,2.16686E+18,,,,,,,,,,
Confessions of a Shopaholic,2/13/2009,Romantic Comedy,PG,49767744,44277350,0,0,0,0,0,0,1,0,0,0,0,0,1,0,0,0,0,39857,1585232461,1540955111,1540955111,2.37454E+18,,,,,,,,,,
Jonas Brothers: The 3D Concert Experi…,2/27/2009,Concert/Performance,G,38174685,38174685,0,0,0,0,0,0,0,0,0,0,0,1,0,0,1,0,0,39871,1587144897,1548970212,1548970212,2.39931E+18,,,,,,,,,,
Race to Witch Mountain,3/13/2009,Adventure,PG,75501997,67172594,0,1,0,0,0,0,0,0,0,0,0,0,1,0,0,0,0,39885,1589696445,1522523851,1522523851,2.31808E+18,,,,,,,,,,
Hannah Montana the Movie,4/10/2009,Drama,G,89443640,79576189,0,0,1,0,0,0,0,0,0,0,0,0,0,0,1,0,0,39913,1591371223,1511795034,1511795034,2.28552E+18,,,,,,,,,,
Earth,4/22/2009,Documentary,G,35981010,32011576,0,0,0,0,0,0,0,0,0,0,1,0,0,0,1,0,0,39925,1592408625,1560397049,1560397049,2.43484E+18,,,,,,,,,,
Up,5/29/2009,Adventure,PG,329336681,293004164,0,1,0,0,0,0,0,0,0,0,0,0,1,0,0,0,0,39962,1595003306,1301999142,1301999142,1.6952E+18,,,,,,,,,,
The Proposal,6/19/2009,Romantic Comedy,PG-13,184288829,163958031,0,0,0,0,0,0,1,0,0,0,0,0,0,1,0,0,0,39983,1596321275,1432363244,1432363244,2.05166E+18,,,,,,,,,,
G-Force,7/24/2009,Adventure,PG,134246932,119436770,0,1,0,0,0,0,0,0,0,0,0,0,1,0,0,0,0,40018,1599199316,1479762546,1479762546,2.1897E+18,,,,,,,,,,
Gake no ue no Ponyo,8/14/2009,Adventure,G,16961607,15090399,0,1,0,0,0,0,0,0,0,0,0,0,0,0,1,0,0,40039,1600879337,1585788938,1585788938,2.51473E+18,,,,,,,,,,
X Games 3D: The Movie,8/21/2009,Documentary,PG,1563976,1391434,0,0,0,0,0,0,0,0,0,0,1,0,1,0,0,0,0,40046,1602560828,1601169394,1601169394,2.56374E+18,,,,,,,,,,
Walt and El Grupo,9/10/2009,Documentary,PG,23064,20521,0,0,0,0,0,0,0,0,0,0,1,0,1,0,0,0,0,40066,1604202574,1604182053,1604182053,2.5734E+18,,,,,,,,,,
Surrogates,9/25/2009,Action,PG-13,43361416,38577772,0,0,0,1,0,0,0,0,0,0,0,0,0,1,0,0,0,40081,1605083726,1566505954,1566505954,2.45394E+18,,,,,,,,,,
Toy Story 3D Double Feature,10/2/2009,Adventure,G,34509545,30702446,0,1,0,0,0,0,0,0,0,0,0,0,0,0,1,0,0,40088,1606165808,1575463362,1575463362,2.48208E+18,,,,,,,,,,
Disney's A Christmas Carol,11/6/2009,Drama,PG,154927105,137855863,0,0,1,0,0,0,0,0,0,0,0,0,1,0,0,0,0,40123,1608169963,1470314100,1470314100,2.16182E+18,,,,,,,,,,
The Princess and the Frog,11/25/2009,Adventure,G,116316457,104400899,0,1,0,0,0,0,0,0,0,0,0,0,0,0,1,0,0,40142,1609212496,1504811597,1504811597,2.26446E+18,,,,,,,,,,
Old Dogs,11/25/2009,Comedy,PG,55503929,49492060,0,0,0,0,1,0,0,0,0,0,0,0,1,0,0,0,0,40142,1610617466,1561125406,1561125406,2.43711E+18,,,,,,,,,,
When in Rome,1/29/2010,Romantic Comedy,PG-13,34917330,32680633,0,0,0,0,0,0,1,0,0,0,0,0,0,1,0,0,0,40207,1613989394,1581308761,1581308761,2.50054E+18,,,,,,,,,,
Alice in Wonderland,3/5/2010,Adventure,PG,357063499,334191110,0,1,0,0,0,0,0,0,0,0,0,0,1,0,0,0,0,40242,1615394364,1281203254,1281203254,1.64148E+18,,,,,,,,,,
Waking Sleeping Beauty,3/26/2010,Documentary,PG,86264,80741,0,0,0,0,0,0,0,0,0,0,1,0,1,0,0,0,0,40263,1618854441,1618773700,1618773700,2.62043E+18,,,,,,,,,,
The Last Song,3/31/2010,Drama,PG,67258772,62950384,0,0,1,0,0,0,0,0,0,0,0,0,1,0,0,0,0,40268,1620464856,1557514472,1557514472,2.42585E+18,,,,,,,,,,
Oceans,4/22/2010,Documentary,G,20751600,19422319,0,0,0,0,0,0,0,0,0,0,1,0,0,0,1,0,0,40290,1622196270,1602773951,1602773951,2.56888E+18,,,,,,,,,,
Prince of Persia: Sands of Time,5/28/2010,Action,PG-13,96971361,90759676,0,0,0,1,0,0,0,0,0,0,0,0,0,1,0,0,0,40326,1623847368,1533087692,1533087692,2.35036E+18,,,,,,,,,,
Toy Story 3,6/18/2010,Adventure,G,443408255,415004880,0,1,0,0,0,0,0,0,0,0,0,0,0,0,1,0,0,40347,1625580630,1210575750,1210575750,1.46549E+18,,,,,,,,,,
The Sorcerer's Apprentice,7/14/2010,Adventure,PG,67473105,63150991,0,1,0,0,0,0,0,0,0,0,0,0,1,0,0,0,0,40373,1628081598,1564930607,1564930607,2.44901E+18,,,,,,,,,,
Step Up 3D,8/6/2010,Drama,PG-13,45302137,42400223,0,0,1,0,0,0,0,0,0,0,0,0,0,1,0,0,0,40396,1629857412,1587457189,1587457189,2.52002E+18,,,,,,,,,,
Gedo Senki (Tales from Earthsea),8/13/2010,Adventure,PG-13,51988,48658,0,1,0,0,0,0,0,0,0,0,0,0,0,1,0,0,0,40403,1631190319,1631141661,1631141661,2.66062E+18,,,,,,,,,,
You Again,9/24/2010,Comedy,PG,27461121,25702053,0,0,0,0,1,0,0,0,0,0,0,0,1,0,0,0,0,40445,1633816220,1608114167,1608114167,2.58603E+18,,,,,,,,,,
Secretariat,10/8/2010,Drama,PG,63781920,59699513,0,0,1,0,0,0,0,0,0,0,0,0,1,0,0,0,0,40459,1634664977,1574965464,1574965464,2.48052E+18,,,,,,,,,,
Tangled,11/24/2010,Adventure,PG,214388548,200821936,0,1,0,0,0,0,0,0,0,0,0,0,1,0,0,0,0,40506,1638265170,1437443234,1437443234,2.06624E+18,,,,,,,,,,
Tron: Legacy,12/17/2010,Adventure,PG,183619259,172062763,0,1,0,0,0,0,0,0,0,0,0,0,1,0,0,0,0,40529,1639762811,1467700048,1467700048,2.15414E+18,,,,,,,,,,
Gnomeo and Juliet,2/11/2011,Comedy,G,106270797,99967670,0,0,0,0,1,0,0,0,0,0,0,0,0,0,1,0,0,40585,1643936010,1543968340,1543968340,2.38384E+18,,,,,,,,,,
I am Number Four,2/18/2011,Adventure,PG-13,58574607,55100437,0,1,0,0,0,0,0,0,0,0,0,0,0,1,0,0,0,40592,1645153168,1590052731,1590052731,2.52827E+18,,,,,,,,,,
Mars Needs Moms,3/11/2011,Adventure,PG,22741603,21392758,0,1,0,0,0,0,0,0,0,0,0,0,1,0,0,0,0,40613,1648278605,1626885847,1626885847,2.64676E+18,,,,,,,,,,
African Cats,4/22/2011,Documentary,G,16401551,15428747,0,0,0,0,0,0,0,0,0,0,1,0,0,0,1,0,0,40655,1650267760,1634839013,1634839013,2.6727E+18,,,,,,,,,,
Zokkomon,4/22/2011,Adventure,PG,2984,2815,0,1,0,0,0,0,0,0,0,0,0,0,1,0,0,0,0,40655,1651121515,1651118700,1651118700,2.72619E+18,,,,,,,,,,
Prom,4/29/2011,Comedy,PG,10768946,10130219,0,0,0,0,1,0,0,0,0,0,0,0,1,0,0,0,0,40662,1653113610,1642983391,1642983391,2.69939E+18,,,,,,,,,,
Pirates of the Caribbean: On Stranger…,5/20/2011,Adventure,PG-13,256263359,241063875,0,1,0,0,0,0,0,0,0,0,0,0,0,1,0,0,0,40683,1653967365,1412903490,1412903490,1.9963E+18,,,,,,,,,,
Cars 2,6/24/2011,Adventure,G,203522177,191450875,0,1,0,0,0,0,0,0,0,0,0,0,0,0,1,0,0,40718,1655675316,1464224441,1464224441,2.14395E+18,,,,,,,,,,
Winnie the Pooh,7/15/2011,Adventure,G,28375869,26692846,0,1,0,0,0,0,0,0,0,0,0,0,0,0,1,0,0,40739,1657384737,1630691891,1630691891,2.65916E+18,,,,,,,,,,
The Help,8/10/2011,Drama,PG-13,180404976,169705587,0,0,1,0,0,0,0,0,0,0,0,0,0,1,0,0,0,40765,1659869270,1490163683,1490163683,2.22059E+18,,,,,,,,,,
Fright Night,8/19/2011,Horror,R,19452402,18298649,0,0,0,0,0,1,0,0,0,0,0,0,0,0,0,1,0,40774,1661091986,1642793337,1642793337,2.69877E+18,,,,,,,,,,
Real Steel,10/7/2011,Action,PG-13,90848019,85463309,0,0,0,1,0,0,0,0,0,0,0,0,0,1,0,0,0,40823,1664149595,1578686286,1578686286,2.49225E+18,,,,,,,,,,
The Muppets,11/23/2011,Comedy,PG,94189503,88625922,0,0,0,0,1,0,0,0,0,0,0,0,1,0,0,0,0,40870,1666433380,1577807458,1577807458,2.48948E+18,,,,,,,,,,
War Horse,12/25/2011,Drama,PG-13,84762149,79883359,0,0,1,0,0,0,0,0,0,0,0,0,0,1,0,0,0,40902,1669742346,1589858987,1589858987,2.52765E+18,,,,,,,,,,
The Secret World of Arietty,2/17/2012,Adventure,G,20325733,19192510,0,1,0,0,0,0,0,0,0,0,0,0,0,0,1,0,0,40956,1673871720,1654679210,1654679210,2.73796E+18,,,,,,,,,,
John Carter,3/9/2012,Adventure,PG-13,77372445,73058679,0,1,0,0,0,0,0,0,0,0,0,0,0,1,0,0,0,40977,1676041254,1602982575,1602982575,2.56955E+18,,,,,,,,,,
Chimpanzee,4/20/2012,Documentary,G,30675725,28965459,0,0,0,0,0,0,0,0,0,0,1,0,0,0,1,0,0,41019,1679974164,1651008705,1651008705,2.72583E+18,,,,,,,,,,
The Avengers,5/4/2012,Action,PG-13,660081224,623279547,0,0,0,1,0,0,0,0,0,0,0,0,0,1,0,0,0,41033,1681409241,1058129694,1058129694,1.11964E+18,,,,,,,,,,
Brave,6/22/2012,Adventure,PG,251292441,237282182,0,1,0,0,0,0,0,0,0,0,0,0,1,0,0,0,0,41082,1685142558,1447860376,1447860376,2.0963E+18,,,,,,,,,,
People Like Us,6/29/2012,Drama,PG-13,13165822,12431792,0,0,1,0,0,0,0,0,0,0,0,0,0,1,0,0,0,41089,1686004937,1673573145,1673573145,2.80085E+18,,,,,,,,,,
The Odd Life of Timothy Green,8/15/2012,Drama,PG,54914942,51853450,0,0,1,0,0,0,0,0,0,0,0,0,1,0,0,0,0,41136,1689949152,1638095702,1638095702,2.68336E+18,,,,,,,,,,
Frankenweenie,10/5/2012,Comedy,PG,37363513,35287788,0,0,0,0,1,0,0,0,0,0,0,0,1,0,0,0,0,41187,1692332643,1657044855,1657044855,2.7458E+18,,,,,,,,,,
Wreck-It Ralph,11/2/2012,Adventure,PG,200354959,189412677,0,1,0,0,0,0,0,0,0,0,0,0,1,0,0,0,0,41215,1695420240,1506007563,1506007563,2.26806E+18,,,,,,,,,,
Lincoln,11/9/2012,Drama,PG-13,192122330,182207973,0,0,1,0,0,0,0,0,0,0,0,0,0,1,0,0,0,41222,1697810514,1515602541,1515602541,2.29705E+18,,,,,,,,,,
Oz the Great and Powerful,3/8/2013,Adventure,PG,243434130,234770996,0,1,0,0,0,0,0,0,0,0,0,0,1,0,0,0,0,41341,1703869315,1469098319,1469098319,2.15825E+18,,,,,,,,,,
Iron Man 3,5/3/2013,Action,PG-13,424084233,408992272,0,0,0,1,0,0,0,0,0,0,0,0,0,1,0,0,0,41397,1706467134,1297474862,1297474862,1.68344E+18,,,,,,,,,,
Monsters University,6/21/2013,Adventure,G,278395641,268488329,0,1,0,0,0,0,0,0,0,0,0,0,0,0,1,0,0,41446,1713419086,1444930757,1444930757,2.08782E+18,,,,,,,,,,
The Lone Ranger,7/2/2013,Western,PG-13,92597388,89302115,0,0,0,0,0,0,0,0,1,0,0,0,0,1,0,0,0,41457,1716195429,1626893314,1626893314,2.64678E+18,,,,,,,,,,
Disney Planes,8/9/2013,Comedy,PG,93614037,90282580,0,0,0,0,1,0,0,0,0,0,0,0,1,0,0,0,0,41495,1719801770,1629519190,1629519190,2.65533E+18,,,,,,,,,,
The Fifth Estate,10/18/2013,Drama,R,3374251,3254172,0,0,1,0,0,0,0,0,0,0,0,0,0,0,0,1,0,41565,1723160205,1719906033,1719906033,2.95808E+18,,,,,,,,,,
Thor: The Dark World,11/8/2013,Adventure,PG-13,213962184,206362140,0,1,0,0,0,0,0,0,0,0,0,0,0,1,0,0,0,41586,1725611070,1519248930,1519248930,2.30812E+18,,,,,,,,,,
Kaze Tachinu,11/8/2013,Drama,PG-13,5367415,5201879,0,0,1,0,0,0,0,0,0,0,0,0,0,1,0,0,0,41586,1728522090,1723320211,1723320211,2.96983E+18,,,,,,,,,,
Frozen,11/22/2013,Adventure,PG,414997174,400738009,0,1,0,0,0,0,0,0,0,0,0,0,1,0,0,0,0,41600,1729977600,1329239591,1329239591,1.76688E+18,,,,,,,,,,
Delivery Man,11/22/2013,Comedy,PG-13,31787136,30659817,0,0,0,0,1,0,0,0,0,0,0,0,0,1,0,0,0,41600,1729977600,1699317783,1699317783,2.88768E+18,,,,,,,,,,
Saving Mr. Banks,12/13/2013,Drama,PG-13,86249969,83299761,0,0,1,0,0,0,0,0,0,0,0,0,0,1,0,0,0,41621,1731433600,1648133839,1648133839,2.71635E+18,,,,,,,,,,
Need for Speed,3/14/2014,Action,PG-13,44955015,43568507,0,0,0,1,0,0,0,0,0,0,0,0,0,1,0,0,0,41712,1735219200,1691650693,1691650693,2.86168E+18,,,,,,,,,,
Muppets Most Wanted,3/21/2014,Comedy,PG,52807594,51178893,0,0,0,0,1,0,0,0,0,0,0,0,1,0,0,0,0,41719,1736386499,1685207606,1685207606,2.83992E+18,,,,,,,,,,
Captain America: The Winter Soldier,4/4/2014,Action,PG-13,268013076,259746958,0,0,0,1,0,0,0,0,0,0,0,0,0,1,0,0,0,41733,1740766896,1481019938,1481019938,2.19342E+18,,,,,,,,,,
Bears,4/18/2014,Documentary,G,18346024,17780194,0,0,0,0,0,0,0,0,0,0,1,0,0,0,1,0,0,41747,1741643093,1723862899,1723862899,2.9717E+18,,,,,,,,,,
Million Dollar Arm,5/10/2014,Drama,PG,37607865,36447959,0,0,1,0,0,0,0,0,0,0,0,0,1,0,0,0,0,41769,1743145677,1706697718,1706697718,2.91282E+18,,,,,,,,,,
Maleficent,5/30/2014,Adventure,PG,249089809,241407328,0,1,0,0,0,0,0,0,0,0,0,0,1,0,0,0,0,41789,1744565383,1503158055,1503158055,2.25948E+18,,,,,,,,,,
Planes: Fire and Rescue,7/18/2014,Adventure,PG,61040349,59157732,0,1,0,0,0,0,0,0,0,0,0,0,1,0,0,0,0,41838,1747531422,1688373690,1688373690,2.85061E+18,,,,,,,,,,
Guardians of the Galaxy,8/1/2014,Adventure,PG-13,343771168,333172112,0,1,0,0,0,0,0,0,0,0,0,0,0,1,0,0,0,41852,1748953228,1415781116,1415781116,2.00444E+18,,,,,,,,,,
The Hundred-Foot Journey,8/8/2014,Romantic Comedy,PG,55961409,54235441,0,0,0,0,0,0,1,0,0,0,0,0,1,0,0,0,0,41859,1751296842,1697061401,1697061401,2.88002E+18,,,,,,,,,,
"Alexander and the Terrible, Horrible,…",10/10/2014,Comedy,PG,69055550,66954149,0,0,0,0,1,0,0,0,0,0,0,0,1,0,0,0,0,41922,1754519544,1687565395,1687565395,2.84788E+18,,,,,,,,,,
Big Hero 6,11/7/2014,Adventure,PG,229249222,222527828,0,1,0,0,0,0,0,0,0,0,0,0,1,0,0,0,0,41950,1755985050,1533457222,1533457222,2.35149E+18,,,,,,,,,,
Into the Woods,12/25/2014,Musical,PG,130894237,128002372,1,0,0,0,0,0,0,0,0,0,0,0,1,0,0,0,0,41998,1760640156,1632637784,1632637784,2.66551E+18,,,,,,,,,,
Strange Magic,1/23/2015,Adventure,PG,12429583,12429583,0,1,0,0,0,0,0,0,0,0,0,0,1,0,0,0,0,42027,1763032650,1750603067,1750603067,3.06461E+18,,,,,,,,,,
"McFarland, USA",2/20/2015,Drama,PG,44480275,44480275,0,0,1,0,0,0,0,0,0,0,0,0,1,0,0,0,0,42055,1766225890,1721745615,1721745615,2.96441E+18,,,,,,,,,,
Cinderella,3/13/2015,Drama,PG,201151353,201151353,0,0,1,0,0,0,0,0,0,0,0,0,1,0,0,0,0,42076,1768328052,1567176699,1567176699,2.45604E+18,,,,,,,,,,
Monkey Kingdom,4/17/2015,Documentary,G,16432322,16432322,0,0,0,0,0,0,0,0,0,0,1,0,0,0,1,0,0,42111,1770978105,1754545783,1754545783,3.07843E+18,,,,,,,,,,
Avengers: Age of Ultron,5/1/2015,Action,PG-13,459005868,459005868,0,0,0,1,0,0,0,0,0,0,0,0,0,1,0,0,0,42125,1772451500,1313445632,1313445632,1.72514E+18,,,,,,,,,,
Tomorrowland,5/22/2015,Adventure,PG,93436322,93436322,0,1,0,0,0,0,0,0,0,0,0,0,1,0,0,0,0,42146,1774810206,1681373884,1681373884,2.82702E+18,,,,,,,,,,
Inside Out,6/19/2015,Adventure,PG,356461711,356461711,0,1,0,0,0,0,0,0,0,0,0,0,1,0,0,0,0,42174,1776579750,1420118039,1420118039,2.01674E+18,,,,,,,,,,
Ant-Man,7/17/2015,Action,PG-13,180202163,180202163,0,0,0,1,0,0,0,0,0,0,0,0,0,1,0,0,0,42202,1778645492,1598443329,1598443329,2.55502E+18,,,,,,,,,,
Bridge of Spies,10/16/2015,Thriller/Suspense,PG-13,72313754,72313754,0,0,0,0,0,0,0,1,0,0,0,0,0,1,0,0,0,42293,1783664982,1711351228,1711351228,2.92872E+18,,,,,,,,,,
The Good Dinosaur,11/25/2015,Adventure,PG,123087120,123087120,0,1,0,0,0,0,0,0,0,0,0,0,1,0,0,0,0,42333,1786537266,1663450146,1663450146,2.76707E+18,,,,,,,,,,
Star Wars Ep. VII: The Force Awakens,12/18/2015,Adventure,PG-13,936662225,936662225,0,1,0,0,0,0,0,0,0,0,0,0,0,1,0,0,0,42356,1791362308,854700083,854700083,7.30512E+17,,,,,,,,,,
The Finest Hours,1/29/2016,Thriller/Suspense,PG,27569558,27569558,0,0,0,0,0,0,0,1,0,0,0,0,1,0,0,0,0,42398,1794834534,1767264976,1767264976,3.12323E+18,,,,,,,,,,
Zootopia,3/4/2016,Adventure,PG,341268248,341268248,0,1,0,0,0,0,0,0,0,0,0,0,1,0,0,0,0,42433,1797292148,1456023900,1456023900,2.12001E+18,,,,,,,,,,
The Jungle Book,4/15/2016,Adventure,PG,364001123,364001123,0,1,0,0,0,0,0,0,0,0,0,0,1,0,0,0,0,42475,1800855050,1436853927,1436853927,2.06455E+18,,,,,,,,,,
A Beautiful Planet,4/29/2016,Documentary,G,7895708,7895708,0,0,0,0,0,0,0,0,0,0,1,0,0,0,1,0,0,42489,1802935737,1795040029,1795040029,3.22217E+18,,,,,,,,,,
Captain America: Civil War,5/6/2016,Action,PG-13,408084349,408084349,0,0,0,1,0,0,0,0,0,0,0,0,0,1,0,0,0,42496,1805017600,1396933251,1396933251,1.95142E+18,,,,,,,,,,
Alice Through the Looking Glass,5/27/2016,Adventure,PG,77042381,77042381,0,1,0,0,0,0,0,0,0,0,0,0,1,0,0,0,0,42517,1806504813,1729462432,1729462432,2.99104E+18,,,,,,,,,,
Finding Dory,6/17/2016,Adventure,PG,486295561,486295561,0,1,0,0,0,0,0,0,0,0,0,0,1,0,0,0,0,42538,1807694848,1321399287,1321399287,1.7461E+18,,,,,,,,,,
The BFG,7/1/2016,Adventure,PG,55483770,55483770,0,1,0,0,0,0,0,0,0,0,0,0,1,0,0,0,0,42552,1809183384,1753699614,1753699614,3.07546E+18,,,,,,,,,,
Pete’s Dragon,8/12/2016,Adventure,PG,76233151,76233151,0,1,0,0,0,0,0,0,0,0,0,0,1,0,0,0,0,42594,1811863572,1735630421,1735630421,3.01241E+18,,,,,,,,,,
The Light Between Oceans,9/2/2016,Drama,PG-13,12545979,12545979,0,0,1,0,0,0,0,0,0,0,0,0,0,1,0,0,0,42615,1813353480,1800807501,1800807501,3.24291E+18,,,,,,,,,,
Queen of Katwe,9/23/2016,Drama,PG,8874389,8874389,0,0,1,0,0,0,0,0,0,0,0,0,1,0,0,0,0,42636,1816037784,1807163395,1807163395,3.26584E+18,,,,,,,,,,
Doctor Strange,11/4/2016,Adventure,PG-13,232532923,232532923,0,1,0,0,0,0,0,0,0,0,0,0,0,1,0,0,0,42678,1818722970,1586190047,1586190047,2.516E+18,,,,,,,,,,
Moana,11/23/2016,Adventure,PG,246082029,246082029,0,1,0,0,0,0,0,0,0,0,0,0,1,0,0,0,0,42697,1820429292,1574347263,1574347263,2.47857E+18,,,,,,,,,,
Rogue One: A Star Wars Story,12/16/2016,Adventure,PG-13,529483936,529483936,0,1,0,0,0,0,0,0,0,0,0,0,0,1,0,0,0,42720,1823204160,1293720224,1293720224,1.67371E+18,,,,,,,,,,
